heldout_magnification,support_size,support_seed,seed,selected_expert,oracle_expert,support_nelbo_selected,eval_nelbo_selected,eval_nelbo_oracle,oracle_gap_pct,metadata_selected_expert,static_embedding_selected_expert
40,4,17,42,100,100,516.4342269897461,450.42402463612325,450.42402463612325,0.0,100,100
40,4,17,43,100,100,434.0547637939453,462.90638675252114,462.90638675252114,0.0,100,100
40,4,17,44,100,100,296.0016555786133,431.16564000638806,431.16564000638806,0.0,100,100
40,4,23,42,100,100,621.9394989013672,437.4242318783166,437.4242318783166,0.0,100,100
40,4,23,43,100,100,542.1860046386719,460.4927729438333,460.4927729438333,0.0,100,100
40,4,23,44,100,100,373.3223114013672,420.7835795585745,420.7835795585745,0.0,100,100
40,4,31,42,100,100,578.1820678710938,424.26884873001666,424.26884873001666,0.0,100,100
40,4,31,43,100,100,633.141731262207,446.8770876345427,446.8770876345427,0.0,100,100
40,4,31,44,100,100,556.4508895874023,405.6492743844234,405.6492743844234,0.0,100,100
40,8,17,42,100,100,431.4144973754883,456.7633731322881,456.7633731322881,0.0,100,100
40,8,17,43,100,100,549.4425430297852,446.62862396240234,446.62862396240234,0.0,100,100
40,8,17,44,100,100,431.8981590270996,422.9055175559465,422.9055175559465,0.0,100,100
40,8,23,42,100,100,542.5046539306641,433.3577333738478,433.3577333738478,0.0,100,100
40,8,23,43,100,100,437.120080947876,452.75293128203236,452.75293128203236,0.0,100,100
40,8,23,44,100,100,341.55908203125,419.1731652646309,419.1731652646309,0.0,100,100
40,8,31,42,100,100,530.6780872344971,413.2888481533843,413.2888481533843,0.0,100,100
40,8,31,43,100,100,767.6849937438965,428.8034311051064,428.8034311051064,0.0,100,100
40,8,31,44,100,100,518.6700897216797,393.85938388011493,393.85938388011493,0.0,100,100
40,16,17,42,100,100,487.0349636077881,432.7467596483796,432.7467596483796,0.0,100,100
40,16,17,43,100,100,475.31390953063965,447.33525791496436,447.33525791496436,0.0,100,100
40,16,17,44,100,100,413.8864040374756,424.98015886107925,424.98015886107925,0.0,100,100
40,16,23,42,100,100,495.1026611328125,434.8964774420005,434.8964774420005,0.0,100,100
40,16,23,43,100,100,550.8266820907593,431.9883714430403,431.9883714430403,0.0,100,100
40,16,23,44,100,100,386.5132884979248,391.52269643147787,391.52269643147787,0.0,100,100
40,16,31,42,100,100,475.31217861175537,426.7762172974561,426.7762172974561,0.0,100,100
40,16,31,43,100,100,635.5416975021362,408.9910925410963,408.9910925410963,0.0,100,100
40,16,31,44,100,100,482.5538454055786,393.4148336577834,393.4148336577834,0.0,100,100
40,32,17,42,100,100,484.4944896697998,418.14008514790595,418.14008514790595,0.0,100,100
40,32,17,43,100,100,475.21587562561035,385.53717087536324,385.53717087536324,0.0,100,100
40,32,17,44,100,100,447.69549322128296,322.5432400173611,322.5432400173611,0.0,100,100
40,32,23,42,100,100,521.8594570159912,420.4977047793515,420.4977047793515,0.0,100,100
40,32,23,43,100,100,491.06021642684937,450.4033388012517,450.4033388012517,0.0,100,100
40,32,23,44,100,100,394.8896360397339,449.19265731579156,449.19265731579156,0.0,100,100
40,32,31,42,100,100,434.0299983024597,430.47943486922827,430.47943486922827,0.0,100,100
40,32,31,43,100,100,521.3564863204956,439.3901803432367,439.3901803432367,0.0,100,100
40,32,31,44,100,100,451.1393151283264,375.25419641990027,375.25419641990027,0.0,100,100
100,4,17,42,200,200,322.7555618286133,349.2186669222109,349.2186669222109,0.0,40,200
100,4,17,43,40,200,413.75099182128906,396.0863094258398,352.95951319395675,12.218624125363684,40,40
100,4,17,44,200,200,310.0409164428711,336.9265649045293,336.9265649045293,0.0,40,200
100,4,23,42,200,200,299.3931007385254,358.56615989741294,358.56615989741294,0.0,40,200
100,4,23,43,200,200,293.28614807128906,361.91405592522915,361.91405592522915,0.0,40,200
100,4,23,44,200,200,353.6576499938965,340.846695905843,340.846695905843,0.0,40,200
100,4,31,42,40,200,365.2339553833008,362.9974751225224,350.7895598800094,3.480125020450679,40,40
100,4,31,43,200,200,452.5460433959961,350.1443035933223,350.1443035933223,0.0,40,200
100,4,31,44,40,200,385.5741996765137,382.2264149286976,335.7927588133854,13.82806951507772,40,200
100,8,17,42,40,200,387.19852447509766,357.3753845903534,344.73843807763876,3.665662170769791,40,40
100,8,17,43,200,200,371.6493148803711,359.15448846709864,359.15448846709864,0.0,40,200
100,8,17,44,200,200,288.37799644470215,344.2440483697027,344.2440483697027,0.0,40,200
100,8,23,42,200,200,289.1424922943115,359.81276516748176,359.81276516748176,0.0,40,200
100,8,23,43,200,200,393.8639659881592,365.17463268129165,365.17463268129165,0.0,40,200
100,8,23,44,200,200,362.97933769226074,339.7913996757125,339.7913996757125,0.0,40,200
100,8,31,42,40,200,350.4799385070801,361.5369927314535,343.9037049531604,5.127391047064975,40,40
100,8,31,43,200,200,350.9494800567627,354.40654411419297,354.40654411419297,0.0,40,200
100,8,31,44,200,200,352.9982166290283,332.96821994396726,332.96821994396726,0.0,40,200
100,16,17,42,40,200,344.64929962158203,364.22178933237694,345.1941590004779,5.512153040768197,40,40
100,16,17,43,40,200,411.2920436859131,392.89106147930994,342.46297501299847,14.72512071250839,40,40
100,16,17,44,200,200,348.51787757873535,333.72831880345063,333.72831880345063,0.0,40,200
100,16,23,42,200,200,345.18620204925537,354.18508762858363,354.18508762858363,0.0,40,200
100,16,23,43,200,200,363.2229108810425,374.55379111866534,374.55379111866534,0.0,40,200
100,16,23,44,200,200,330.11830615997314,339.2152644408739,339.2152644408739,0.0,40,200
100,16,31,42,40,200,371.63951683044434,364.79775247872425,345.1899099051403,5.680305829035456,40,40
100,16,31,43,200,200,341.70690631866455,352.9069431398323,352.9069431398323,0.0,40,200
100,16,31,44,200,200,349.92448902130127,336.0324481347364,336.0324481347364,0.0,40,200
100,32,17,42,40,40,358.46180534362793,347.0795299723997,347.0795299723997,0.0,40,200
100,32,17,43,200,200,353.6379623413086,374.9739226407783,374.9739226407783,0.0,40,200
100,32,17,44,200,200,358.85848093032837,319.32638871402486,319.32638871402486,0.0,40,200
100,32,23,42,200,200,363.97945833206177,329.5839285108778,329.5839285108778,0.0,40,200
100,32,23,43,200,200,375.53621673583984,319.6921444054806,319.6921444054806,0.0,40,200
100,32,23,44,200,200,334.2751874923706,304.1356560035988,304.1356560035988,0.0,40,200
100,32,31,42,40,200,361.38510608673096,355.9756905182063,347.0698154739469,2.566018318849722,40,200
100,32,31,43,200,200,340.74997329711914,412.5891018175099,412.5891018175099,0.0,40,200
100,32,31,44,200,200,338.5957283973694,345.80538737943385,345.80538737943385,0.0,40,200
200,4,17,42,100,400,372.7499885559082,364.2497327888537,361.60256773750734,0.7320647825896981,40,400
200,4,17,43,100,400,441.11722564697266,400.69291996336983,364.8237316947343,9.831922967842733,40,100
200,4,17,44,100,400,322.22400665283203,395.6393284922258,364.3937598475368,8.574671711656704,40,100
200,4,23,42,400,400,325.41167068481445,369.73086563206317,369.73086563206317,0.0,40,100
200,4,23,43,400,400,371.2905578613281,368.67850071199643,368.67850071199643,0.0,40,100
200,4,23,44,400,400,290.57247161865234,366.9916871130686,366.9916871130686,0.0,40,100
200,4,31,42,400,100,286.04432678222656,374.64624930201995,374.2094926774576,0.11671446959759596,40,100
200,4,31,43,400,400,408.5362319946289,366.64054872477715,366.64054872477715,0.0,40,100
200,4,31,44,400,400,410.39693450927734,364.6295450846354,364.6295450846354,0.0,40,100
200,8,17,42,100,400,338.70714378356934,367.13843799937854,361.05840345262646,1.6839476629297787,40,100
200,8,17,43,100,400,343.4345512390137,404.2157638617222,365.9382598607284,10.460098929136779,40,100
200,8,17,44,400,400,346.1128349304199,363.61817944352237,363.61817944352237,0.0,40,100
200,8,23,42,100,400,300.794469833374,383.004498395797,374.1798839650952,2.3583882535825937,40,100
200,8,23,43,400,400,367.6212558746338,367.1056956186824,367.1056956186824,0.0,40,100
200,8,23,44,100,400,317.53196144104004,394.0722502402787,365.226372636168,7.8980817830607455,40,100
200,8,31,42,400,400,378.94036865234375,374.46314824314896,374.46314824314896,0.0,40,100
200,8,31,43,400,400,370.12204933166504,369.3218697007226,369.3218697007226,0.0,40,100
200,8,31,44,400,400,516.9259490966797,362.61508749312713,362.61508749312713,0.0,40,400
200,16,17,42,100,400,350.1815938949585,373.53016975676394,362.3114677520387,3.096424762465196,40,400
200,16,17,43,100,400,398.95172691345215,403.7580982322124,362.0693745968947,11.514015423627386,40,100
200,16,17,44,400,400,366.59828758239746,363.9678207651304,363.9678207651304,0.0,40,100
200,16,23,42,400,400,390.53547954559326,362.9088762174777,362.9088762174777,0.0,40,100
200,16,23,43,400,400,414.20951652526855,349.64655690819325,349.64655690819325,0.0,40,100
200,16,23,44,400,400,414.11734199523926,347.0832328578404,347.0832328578404,0.0,40,100
200,16,31,42,400,400,417.1613941192627,371.5024831394535,371.5024831394535,0.0,40,100
200,16,31,43,400,400,366.64880180358887,378.5052226433387,378.5052226433387,0.0,40,100
200,16,31,44,400,400,425.0624990463257,368.3415482886752,368.3415482886752,0.0,40,100
200,32,17,42,100,400,360.2220311164856,326.18868431678186,320.2756841535399,1.8462220067906523,40,100
200,32,17,43,400,400,411.4367685317993,338.47321086682774,338.47321086682774,0.0,40,100
200,32,17,44,100,400,364.4413380622864,378.726274302308,337.7677159913829,12.126250192593913,40,100
200,32,23,42,100,400,371.52579498291016,372.78610543325436,371.9432927124889,0.22659710156863314,40,100
200,32,23,43,400,400,373.55691385269165,358.50282040634596,358.50282040634596,0.0,40,100
200,32,23,44,400,400,388.5301556587219,336.3913932510569,336.3913932510569,0.0,40,100
200,32,31,42,100,400,420.61467933654785,368.9901125468905,359.23050290062315,2.716809838658722,40,100
200,32,31,43,400,400,357.938184261322,386.56375521461433,386.56375521461433,0.0,40,100
200,32,31,44,400,400,400.9097275733948,354.00345943941926,354.00345943941926,0.0,40,100
400,4,17,42,200,200,486.7779998779297,453.49704408398566,453.49704408398566,0.0,40,200
400,4,17,43,200,200,508.6238021850586,453.11656053331166,453.11656053331166,0.0,40,200
400,4,17,44,200,200,474.30606842041016,449.23347147208494,449.23347147208494,0.0,40,200
400,4,23,42,200,200,490.8175048828125,456.28776410502775,456.28776410502775,0.0,40,200
400,4,23,43,200,200,322.76649475097656,467.2020582448286,467.2020582448286,0.0,40,200
400,4,23,44,200,200,397.15087890625,460.38962986414106,460.38962986414106,0.0,40,200
400,4,31,42,200,200,455.0515441894531,452.51161599583907,452.51161599583907,0.0,40,200
400,4,31,43,200,200,404.3959045410156,462.0122608656294,462.0122608656294,0.0,40,200
400,4,31,44,200,200,362.3101348876953,455.324643049569,455.324643049569,0.0,40,200
400,8,17,42,200,200,423.71134185791016,464.5856730744265,464.5856730744265,0.0,40,200
400,8,17,43,200,200,497.0043830871582,450.3726358327261,450.3726358327261,0.0,40,200
400,8,17,44,200,200,454.98427963256836,451.1056990485576,451.1056990485576,0.0,40,200
400,8,23,42,200,200,478.9255180358887,456.8606872782002,456.8606872782002,0.0,40,200
400,8,23,43,200,200,319.2987861633301,471.03535308613164,471.03535308613164,0.0,40,200
400,8,23,44,200,200,410.5004196166992,462.2280411867751,462.2280411867751,0.0,40,200
400,8,31,42,200,200,467.0405960083008,453.1846533706508,453.1846533706508,0.0,40,200
400,8,31,43,200,200,386.7601089477539,464.61206229928496,464.61206229928496,0.0,40,200
400,8,31,44,200,200,385.64621353149414,458.6339654701386,458.6339654701386,0.0,40,200
400,16,17,42,200,200,399.5990867614746,464.52381025041853,464.52381025041853,0.0,40,200
400,16,17,43,200,200,423.18737602233887,436.70198603061283,436.70198603061283,0.0,40,200
400,16,17,44,200,200,433.4605960845947,443.3446325027435,443.3446325027435,0.0,40,200
400,16,23,42,200,200,402.4621887207031,460.9538187532343,460.9538187532343,0.0,40,200
400,16,23,43,200,200,389.21828269958496,460.5041464113722,460.5041464113722,0.0,40,200
400,16,23,44,200,200,433.0161647796631,467.2999757385254,467.2999757385254,0.0,40,200
400,16,31,42,200,200,425.0053195953369,462.65063405453583,462.65063405453583,0.0,40,200
400,16,31,43,200,200,385.152512550354,470.3271225520543,470.3271225520543,0.0,40,200
400,16,31,44,200,200,405.7575092315674,468.09704830932617,468.09704830932617,0.0,40,200
400,32,17,42,200,200,457.8182830810547,457.33877601152585,457.33877601152585,0.0,40,200
400,32,17,43,200,200,411.16621017456055,432.2223088017216,432.2223088017216,0.0,40,200
400,32,17,44,200,200,453.5366506576538,400.12019737094056,400.12019737094056,0.0,40,200
400,32,23,42,200,200,446.9632377624512,428.03871178814745,428.03871178814745,0.0,40,200
400,32,23,43,200,200,452.3585271835327,434.88008635549835,434.88008635549835,0.0,40,200
400,32,23,44,200,200,437.74152851104736,418.5861450692882,418.5861450692882,0.0,40,200
400,32,31,42,200,200,430.65036821365356,498.4434739218818,498.4434739218818,0.0,40,200
400,32,31,43,200,200,492.62997341156006,438.9459557784231,438.9459557784231,0.0,40,200
400,32,31,44,200,200,407.37967443466187,480.98325311132226,480.98325311132226,0.0,40,200
