scope,method,heldout_center,k,selected_expert,count,share
overall,conservative_support_nelbo,,,0,57,0.31666666666666665
overall,conservative_support_nelbo,,,1,25,0.1388888888888889
overall,conservative_support_nelbo,,,2,7,0.03888888888888889
overall,conservative_support_nelbo,,,3,65,0.3611111111111111
overall,conservative_support_nelbo,,,4,26,0.14444444444444443
by_center_k,conservative_support_nelbo,0,16,3,9,1.0
by_center_k,conservative_support_nelbo,0,32,3,9,1.0
by_center_k,conservative_support_nelbo,0,4,1,1,0.1111111111111111
by_center_k,conservative_support_nelbo,0,4,3,8,0.8888888888888888
by_center_k,conservative_support_nelbo,0,8,1,1,0.1111111111111111
by_center_k,conservative_support_nelbo,0,8,2,1,0.1111111111111111
by_center_k,conservative_support_nelbo,0,8,3,7,0.7777777777777778
by_center_k,conservative_support_nelbo,1,16,2,1,0.1111111111111111
by_center_k,conservative_support_nelbo,1,16,3,8,0.8888888888888888
by_center_k,conservative_support_nelbo,1,32,3,9,1.0
by_center_k,conservative_support_nelbo,1,4,0,1,0.1111111111111111
by_center_k,conservative_support_nelbo,1,4,2,1,0.1111111111111111
by_center_k,conservative_support_nelbo,1,4,3,7,0.7777777777777778
by_center_k,conservative_support_nelbo,1,8,2,2,0.2222222222222222
by_center_k,conservative_support_nelbo,1,8,3,7,0.7777777777777778
by_center_k,conservative_support_nelbo,2,16,0,3,0.3333333333333333
by_center_k,conservative_support_nelbo,2,16,4,6,0.6666666666666666
by_center_k,conservative_support_nelbo,2,32,0,2,0.2222222222222222
by_center_k,conservative_support_nelbo,2,32,4,7,0.7777777777777778
by_center_k,conservative_support_nelbo,2,4,0,2,0.2222222222222222
by_center_k,conservative_support_nelbo,2,4,3,1,0.1111111111111111
by_center_k,conservative_support_nelbo,2,4,4,6,0.6666666666666666
by_center_k,conservative_support_nelbo,2,8,0,2,0.2222222222222222
by_center_k,conservative_support_nelbo,2,8,4,7,0.7777777777777778
by_center_k,conservative_support_nelbo,3,16,0,6,0.6666666666666666
by_center_k,conservative_support_nelbo,3,16,1,3,0.3333333333333333
by_center_k,conservative_support_nelbo,3,32,0,5,0.5555555555555556
by_center_k,conservative_support_nelbo,3,32,1,4,0.4444444444444444
by_center_k,conservative_support_nelbo,3,4,0,5,0.5555555555555556
by_center_k,conservative_support_nelbo,3,4,1,4,0.4444444444444444
by_center_k,conservative_support_nelbo,3,8,0,5,0.5555555555555556
by_center_k,conservative_support_nelbo,3,8,1,4,0.4444444444444444
by_center_k,conservative_support_nelbo,4,16,0,7,0.7777777777777778
by_center_k,conservative_support_nelbo,4,16,1,2,0.2222222222222222
by_center_k,conservative_support_nelbo,4,32,0,7,0.7777777777777778
by_center_k,conservative_support_nelbo,4,32,1,2,0.2222222222222222
by_center_k,conservative_support_nelbo,4,4,0,5,0.5555555555555556
by_center_k,conservative_support_nelbo,4,4,1,2,0.2222222222222222
by_center_k,conservative_support_nelbo,4,4,2,2,0.2222222222222222
by_center_k,conservative_support_nelbo,4,8,0,7,0.7777777777777778
by_center_k,conservative_support_nelbo,4,8,1,2,0.2222222222222222
overall,direct_support_nelbo,,,0,57,0.31666666666666665
overall,direct_support_nelbo,,,1,25,0.1388888888888889
overall,direct_support_nelbo,,,2,6,0.03333333333333333
overall,direct_support_nelbo,,,3,66,0.36666666666666664
overall,direct_support_nelbo,,,4,26,0.14444444444444443
by_center_k,direct_support_nelbo,0,16,3,9,1.0
by_center_k,direct_support_nelbo,0,32,3,9,1.0
by_center_k,direct_support_nelbo,0,4,1,1,0.1111111111111111
by_center_k,direct_support_nelbo,0,4,3,8,0.8888888888888888
by_center_k,direct_support_nelbo,0,8,1,1,0.1111111111111111
by_center_k,direct_support_nelbo,0,8,3,8,0.8888888888888888
by_center_k,direct_support_nelbo,1,16,2,1,0.1111111111111111
by_center_k,direct_support_nelbo,1,16,3,8,0.8888888888888888
by_center_k,direct_support_nelbo,1,32,3,9,1.0
by_center_k,direct_support_nelbo,1,4,0,1,0.1111111111111111
by_center_k,direct_support_nelbo,1,4,2,1,0.1111111111111111
by_center_k,direct_support_nelbo,1,4,3,7,0.7777777777777778
by_center_k,direct_support_nelbo,1,8,2,2,0.2222222222222222
by_center_k,direct_support_nelbo,1,8,3,7,0.7777777777777778
by_center_k,direct_support_nelbo,2,16,0,3,0.3333333333333333
by_center_k,direct_support_nelbo,2,16,4,6,0.6666666666666666
by_center_k,direct_support_nelbo,2,32,0,2,0.2222222222222222
by_center_k,direct_support_nelbo,2,32,4,7,0.7777777777777778
by_center_k,direct_support_nelbo,2,4,0,2,0.2222222222222222
by_center_k,direct_support_nelbo,2,4,3,1,0.1111111111111111
by_center_k,direct_support_nelbo,2,4,4,6,0.6666666666666666
by_center_k,direct_support_nelbo,2,8,0,2,0.2222222222222222
by_center_k,direct_support_nelbo,2,8,4,7,0.7777777777777778
by_center_k,direct_support_nelbo,3,16,0,6,0.6666666666666666
by_center_k,direct_support_nelbo,3,16,1,3,0.3333333333333333
by_center_k,direct_support_nelbo,3,32,0,5,0.5555555555555556
by_center_k,direct_support_nelbo,3,32,1,4,0.4444444444444444
by_center_k,direct_support_nelbo,3,4,0,5,0.5555555555555556
by_center_k,direct_support_nelbo,3,4,1,4,0.4444444444444444
by_center_k,direct_support_nelbo,3,8,0,5,0.5555555555555556
by_center_k,direct_support_nelbo,3,8,1,4,0.4444444444444444
by_center_k,direct_support_nelbo,4,16,0,7,0.7777777777777778
by_center_k,direct_support_nelbo,4,16,1,2,0.2222222222222222
by_center_k,direct_support_nelbo,4,32,0,7,0.7777777777777778
by_center_k,direct_support_nelbo,4,32,1,2,0.2222222222222222
by_center_k,direct_support_nelbo,4,4,0,5,0.5555555555555556
by_center_k,direct_support_nelbo,4,4,1,2,0.2222222222222222
by_center_k,direct_support_nelbo,4,4,2,2,0.2222222222222222
by_center_k,direct_support_nelbo,4,8,0,7,0.7777777777777778
by_center_k,direct_support_nelbo,4,8,1,2,0.2222222222222222
overall,metadata_routing,,,0,144,0.8
overall,metadata_routing,,,1,36,0.2
by_center_k,metadata_routing,0,16,1,9,1.0
by_center_k,metadata_routing,0,32,1,9,1.0
by_center_k,metadata_routing,0,4,1,9,1.0
by_center_k,metadata_routing,0,8,1,9,1.0
by_center_k,metadata_routing,1,16,0,9,1.0
by_center_k,metadata_routing,1,32,0,9,1.0
by_center_k,metadata_routing,1,4,0,9,1.0
by_center_k,metadata_routing,1,8,0,9,1.0
by_center_k,metadata_routing,2,16,0,9,1.0
by_center_k,metadata_routing,2,32,0,9,1.0
by_center_k,metadata_routing,2,4,0,9,1.0
by_center_k,metadata_routing,2,8,0,9,1.0
by_center_k,metadata_routing,3,16,0,9,1.0
by_center_k,metadata_routing,3,32,0,9,1.0
by_center_k,metadata_routing,3,4,0,9,1.0
by_center_k,metadata_routing,3,8,0,9,1.0
by_center_k,metadata_routing,4,16,0,9,1.0
by_center_k,metadata_routing,4,32,0,9,1.0
by_center_k,metadata_routing,4,4,0,9,1.0
by_center_k,metadata_routing,4,8,0,9,1.0
overall,source_global_prior_routing,,,0,42,0.23333333333333334
overall,source_global_prior_routing,,,1,54,0.3
overall,source_global_prior_routing,,,2,48,0.26666666666666666
overall,source_global_prior_routing,,,3,12,0.06666666666666667
overall,source_global_prior_routing,,,4,24,0.13333333333333333
by_center_k,source_global_prior_routing,0,16,1,3,0.3333333333333333
by_center_k,source_global_prior_routing,0,16,2,3,0.3333333333333333
by_center_k,source_global_prior_routing,0,16,4,3,0.3333333333333333
by_center_k,source_global_prior_routing,0,32,1,3,0.3333333333333333
by_center_k,source_global_prior_routing,0,32,2,3,0.3333333333333333
by_center_k,source_global_prior_routing,0,32,4,3,0.3333333333333333
by_center_k,source_global_prior_routing,0,4,1,3,0.3333333333333333
by_center_k,source_global_prior_routing,0,4,2,3,0.3333333333333333
by_center_k,source_global_prior_routing,0,4,4,3,0.3333333333333333
by_center_k,source_global_prior_routing,0,8,1,3,0.3333333333333333
by_center_k,source_global_prior_routing,0,8,2,3,0.3333333333333333
by_center_k,source_global_prior_routing,0,8,4,3,0.3333333333333333
by_center_k,source_global_prior_routing,1,16,0,6,0.6666666666666666
by_center_k,source_global_prior_routing,1,16,2,3,0.3333333333333333
by_center_k,source_global_prior_routing,1,32,0,6,0.6666666666666666
by_center_k,source_global_prior_routing,1,32,2,3,0.3333333333333333
by_center_k,source_global_prior_routing,1,4,0,6,0.6666666666666666
by_center_k,source_global_prior_routing,1,4,2,3,0.3333333333333333
by_center_k,source_global_prior_routing,1,8,0,6,0.6666666666666666
by_center_k,source_global_prior_routing,1,8,2,3,0.3333333333333333
by_center_k,source_global_prior_routing,2,16,0,2,0.2222222222222222
by_center_k,source_global_prior_routing,2,16,1,4,0.4444444444444444
by_center_k,source_global_prior_routing,2,16,3,3,0.3333333333333333
by_center_k,source_global_prior_routing,2,32,0,2,0.2222222222222222
by_center_k,source_global_prior_routing,2,32,1,4,0.4444444444444444
by_center_k,source_global_prior_routing,2,32,3,3,0.3333333333333333
by_center_k,source_global_prior_routing,2,4,0,1,0.1111111111111111
by_center_k,source_global_prior_routing,2,4,1,5,0.5555555555555556
by_center_k,source_global_prior_routing,2,4,3,3,0.3333333333333333
by_center_k,source_global_prior_routing,2,8,0,1,0.1111111111111111
by_center_k,source_global_prior_routing,2,8,1,5,0.5555555555555556
by_center_k,source_global_prior_routing,2,8,3,3,0.3333333333333333
by_center_k,source_global_prior_routing,3,16,1,3,0.3333333333333333
by_center_k,source_global_prior_routing,3,16,2,3,0.3333333333333333
by_center_k,source_global_prior_routing,3,16,4,3,0.3333333333333333
by_center_k,source_global_prior_routing,3,32,1,3,0.3333333333333333
by_center_k,source_global_prior_routing,3,32,2,3,0.3333333333333333
by_center_k,source_global_prior_routing,3,32,4,3,0.3333333333333333
by_center_k,source_global_prior_routing,3,4,1,3,0.3333333333333333
by_center_k,source_global_prior_routing,3,4,2,3,0.3333333333333333
by_center_k,source_global_prior_routing,3,4,4,3,0.3333333333333333
by_center_k,source_global_prior_routing,3,8,1,3,0.3333333333333333
by_center_k,source_global_prior_routing,3,8,2,3,0.3333333333333333
by_center_k,source_global_prior_routing,3,8,4,3,0.3333333333333333
by_center_k,source_global_prior_routing,4,16,0,3,0.3333333333333333
by_center_k,source_global_prior_routing,4,16,1,3,0.3333333333333333
by_center_k,source_global_prior_routing,4,16,2,3,0.3333333333333333
by_center_k,source_global_prior_routing,4,32,0,3,0.3333333333333333
by_center_k,source_global_prior_routing,4,32,1,3,0.3333333333333333
by_center_k,source_global_prior_routing,4,32,2,3,0.3333333333333333
by_center_k,source_global_prior_routing,4,4,0,3,0.3333333333333333
by_center_k,source_global_prior_routing,4,4,1,3,0.3333333333333333
by_center_k,source_global_prior_routing,4,4,2,3,0.3333333333333333
by_center_k,source_global_prior_routing,4,8,0,3,0.3333333333333333
by_center_k,source_global_prior_routing,4,8,1,3,0.3333333333333333
by_center_k,source_global_prior_routing,4,8,2,3,0.3333333333333333
overall,static_embedding_routing,,,0,64,0.35555555555555557
overall,static_embedding_routing,,,1,35,0.19444444444444445
overall,static_embedding_routing,,,2,7,0.03888888888888889
overall,static_embedding_routing,,,3,54,0.3
overall,static_embedding_routing,,,4,20,0.1111111111111111
by_center_k,static_embedding_routing,0,16,3,9,1.0
by_center_k,static_embedding_routing,0,32,3,9,1.0
by_center_k,static_embedding_routing,0,4,1,2,0.2222222222222222
by_center_k,static_embedding_routing,0,4,3,7,0.7777777777777778
by_center_k,static_embedding_routing,0,8,1,1,0.1111111111111111
by_center_k,static_embedding_routing,0,8,3,8,0.8888888888888888
by_center_k,static_embedding_routing,1,16,0,5,0.5555555555555556
by_center_k,static_embedding_routing,1,16,2,1,0.1111111111111111
by_center_k,static_embedding_routing,1,16,3,3,0.3333333333333333
by_center_k,static_embedding_routing,1,32,0,6,0.6666666666666666
by_center_k,static_embedding_routing,1,32,3,3,0.3333333333333333
by_center_k,static_embedding_routing,1,4,0,5,0.5555555555555556
by_center_k,static_embedding_routing,1,4,3,4,0.4444444444444444
by_center_k,static_embedding_routing,1,8,0,6,0.6666666666666666
by_center_k,static_embedding_routing,1,8,3,3,0.3333333333333333
by_center_k,static_embedding_routing,2,16,0,1,0.1111111111111111
by_center_k,static_embedding_routing,2,16,1,2,0.2222222222222222
by_center_k,static_embedding_routing,2,16,4,6,0.6666666666666666
by_center_k,static_embedding_routing,2,32,0,1,0.1111111111111111
by_center_k,static_embedding_routing,2,32,1,3,0.3333333333333333
by_center_k,static_embedding_routing,2,32,4,5,0.5555555555555556
by_center_k,static_embedding_routing,2,4,0,2,0.2222222222222222
by_center_k,static_embedding_routing,2,4,1,3,0.3333333333333333
by_center_k,static_embedding_routing,2,4,4,4,0.4444444444444444
by_center_k,static_embedding_routing,2,8,1,4,0.4444444444444444
by_center_k,static_embedding_routing,2,8,4,5,0.5555555555555556
by_center_k,static_embedding_routing,3,16,0,5,0.5555555555555556
by_center_k,static_embedding_routing,3,16,1,4,0.4444444444444444
by_center_k,static_embedding_routing,3,32,0,6,0.6666666666666666
by_center_k,static_embedding_routing,3,32,1,3,0.3333333333333333
by_center_k,static_embedding_routing,3,4,0,4,0.4444444444444444
by_center_k,static_embedding_routing,3,4,1,5,0.5555555555555556
by_center_k,static_embedding_routing,3,8,0,5,0.5555555555555556
by_center_k,static_embedding_routing,3,8,1,4,0.4444444444444444
by_center_k,static_embedding_routing,4,16,0,4,0.4444444444444444
by_center_k,static_embedding_routing,4,16,2,2,0.2222222222222222
by_center_k,static_embedding_routing,4,16,3,3,0.3333333333333333
by_center_k,static_embedding_routing,4,32,0,4,0.4444444444444444
by_center_k,static_embedding_routing,4,32,2,2,0.2222222222222222
by_center_k,static_embedding_routing,4,32,3,3,0.3333333333333333
by_center_k,static_embedding_routing,4,4,0,6,0.6666666666666666
by_center_k,static_embedding_routing,4,4,1,2,0.2222222222222222
by_center_k,static_embedding_routing,4,4,3,1,0.1111111111111111
by_center_k,static_embedding_routing,4,8,0,4,0.4444444444444444
by_center_k,static_embedding_routing,4,8,1,2,0.2222222222222222
by_center_k,static_embedding_routing,4,8,2,2,0.2222222222222222
by_center_k,static_embedding_routing,4,8,3,1,0.1111111111111111
