experiment_seed,heldout_center,support_size,support_seed,method,source_method,deterministic_selected_expert,oracle_expert,selection_stability,p_oracle_selected,p_eval_rank_le_2,mean_bootstrap_oracle_gap_pct,ci_low_oracle_gap_pct,ci_high_oracle_gap_pct,p_high_regret_gt_2,p_catastrophic_gt_5,p_selection_changed,mean_bootstrap_support_margin,margin_bin,split_id
42,0,4,17,direct_support_nelbo,support_set_nelbo_top1,3,3,0.9798,0.9798,0.9798,0.40436465307860237,0.0,0.0,0.0202,0.0202,0.0202,25.938221990585326,q3_mid_high,target0_seed17_random_k4
42,0,8,17,direct_support_nelbo,support_set_nelbo_top1,3,3,0.9933,0.9933,0.9933,0.13412526497108057,0.0,0.0,0.0067,0.0067,0.0067,24.1446775642395,q3_mid_high,target0_seed17_random_k8
42,0,16,17,direct_support_nelbo,support_set_nelbo_top1,3,3,1.0,1.0,1.0,0.0,0.0,0.0,0.0,0.0,0.0,51.54026981029511,q4_high,target0_seed17_random_k16
42,0,32,17,direct_support_nelbo,support_set_nelbo_top1,3,3,0.9924,0.9924,0.9998,0.04024991986135446,0.0,0.0,0.0076,0.0076,0.0076,28.451503120374678,q3_mid_high,target0_seed17_random_k32
42,0,4,23,direct_support_nelbo,support_set_nelbo_top1,3,3,0.8362,0.8362,0.8362,3.2846838734179196,0.0,20.0530151002315,0.1638,0.1638,0.1638,33.100727301025394,q3_mid_high,target0_seed23_random_k4
42,0,8,23,direct_support_nelbo,support_set_nelbo_top1,3,3,0.7054,0.7054,0.8152,3.0444535257486764,0.0,12.102094457959659,0.2946,0.2946,0.2946,20.074632578086852,q2_mid_low,target0_seed23_random_k8
42,0,16,23,direct_support_nelbo,support_set_nelbo_top1,3,3,0.8867,0.8867,0.97,0.809897847153897,0.0,11.236809401429507,0.1133,0.1133,0.1133,20.44396845588684,q3_mid_high,target0_seed23_random_k16
42,0,32,23,direct_support_nelbo,support_set_nelbo_top1,3,3,0.9624,0.9624,0.9997,0.21696694924715562,0.0,5.728556779938536,0.0376,0.0376,0.0376,16.865056776285172,q2_mid_low,target0_seed23_random_k32
42,0,4,31,direct_support_nelbo,support_set_nelbo_top1,3,3,0.7068,0.7068,0.8602,3.5005320600346708,0.0,20.01013099504412,0.2932,0.2932,0.2932,20.1712319858551,q3_mid_high,target0_seed31_random_k4
42,0,8,31,direct_support_nelbo,support_set_nelbo_top1,3,3,0.8286,0.8286,0.9387,1.3802954478705132,0.0,11.856334084720922,0.1714,0.1714,0.1714,16.61494085559845,q2_mid_low,target0_seed31_random_k8
42,0,16,31,direct_support_nelbo,support_set_nelbo_top1,3,3,0.9976,0.9976,0.9998,0.014231439710122978,0.0,0.0,0.0024,0.0024,0.0024,28.505084641075133,q4_high,target0_seed31_random_k16
42,0,32,31,direct_support_nelbo,support_set_nelbo_top1,3,3,0.9999,0.9999,1.0,0.0004826585146590384,0.0,0.0,0.0001,0.0,0.0001,39.34275668940544,q4_high,target0_seed31_random_k32
42,1,4,17,direct_support_nelbo,support_set_nelbo_top1,3,3,1.0,1.0,1.0,0.0,0.0,0.0,0.0,0.0,0.0,46.863079050445556,q4_high,target1_seed17_random_k4
42,1,8,17,direct_support_nelbo,support_set_nelbo_top1,2,3,0.5429999999999999,0.457,0.457,5.8297602603802225,0.0,10.736206741031717,0.543,0.543,0.457,23.455842266082765,q1_low,target1_seed17_random_k8
42,1,16,17,direct_support_nelbo,support_set_nelbo_top1,2,3,0.5853999999999999,0.3811,0.4146,6.694370735088731,0.0,11.124944794484579,0.6189,0.6189,0.4146,11.856552002334595,q1_low,target1_seed17_random_k16
42,1,32,17,direct_support_nelbo,support_set_nelbo_top1,3,3,0.9778,0.9778,0.9885,0.1817832665553716,0.0,0.0,0.0222,0.0222,0.0222,16.6388999229908,q2_mid_low,target1_seed17_random_k32
42,1,4,23,direct_support_nelbo,support_set_nelbo_top1,0,3,0.5797,0.4203,1.0,3.1089637436786264,0.0,5.3630563113310785,0.5797,0.5797,0.4203,10.204487796020508,q1_low,target1_seed23_random_k4
42,1,8,23,direct_support_nelbo,support_set_nelbo_top1,3,3,0.8122,0.8122,1.0,1.0128198495434924,0.0,5.393076941126157,0.1878,0.1878,0.1878,8.25786538772583,q1_low,target1_seed23_random_k8
42,1,16,23,direct_support_nelbo,support_set_nelbo_top1,3,3,0.9925,0.9925,1.0,0.03968102930864849,0.0,0.0,0.0075,0.0075,0.0075,22.291092628860472,q3_mid_high,target1_seed23_random_k16
42,1,32,23,direct_support_nelbo,support_set_nelbo_top1,3,3,0.9996,0.9996,0.9999,0.002565152344372281,0.0,0.0,0.0004,0.0004,0.0004,23.72411909427643,q3_mid_high,target1_seed23_random_k32
42,1,4,31,direct_support_nelbo,support_set_nelbo_top1,3,3,0.9363,0.9363,1.0,0.3258913819475456,0.0,5.116034253493651,0.0637,0.0637,0.0637,51.0748459060669,q4_high,target1_seed31_random_k4
42,1,8,31,direct_support_nelbo,support_set_nelbo_top1,3,3,0.985,0.985,1.0,0.07655982887820524,0.0,0.0,0.015,0.015,0.015,37.171469918251034,q4_high,target1_seed31_random_k8
42,1,16,31,direct_support_nelbo,support_set_nelbo_top1,3,3,0.9897,0.9897,1.0,0.053152044362709636,0.0,0.0,0.0103,0.0103,0.0103,27.23347030134201,q3_mid_high,target1_seed31_random_k16
42,1,32,31,direct_support_nelbo,support_set_nelbo_top1,3,3,0.9998,0.9998,1.0,0.00099167293203266,0.0,0.0,0.0002,0.0,0.0002,30.05199264988899,q4_high,target1_seed31_random_k32
42,2,4,17,direct_support_nelbo,support_set_nelbo_top1,4,4,0.7863,0.7863,0.7863,0.7508394690218572,0.0,3.5135211465692895,0.2137,0.0,0.2137,32.852057341766354,q3_mid_high,target2_seed17_random_k4
42,2,8,17,direct_support_nelbo,support_set_nelbo_top1,4,4,0.8992,0.8992,0.9231,0.3540040662283385,0.0,3.4544616847436114,0.1008,0.0007,0.1008,23.654456899261476,q3_mid_high,target2_seed17_random_k8
42,2,16,17,direct_support_nelbo,support_set_nelbo_top1,4,4,0.996,0.996,0.998,0.011858223150167348,0.0,0.0,0.004,0.0,0.004,34.63109994077683,q4_high,target2_seed17_random_k16
42,2,32,17,direct_support_nelbo,support_set_nelbo_top1,4,4,0.9999,0.9999,0.9999,0.0002522740408363118,0.0,0.0,0.0001,0.0,0.0001,30.31553588242531,q4_high,target2_seed17_random_k32
42,2,4,23,direct_support_nelbo,support_set_nelbo_top1,3,4,0.655,0.0946,0.345,3.446018780114347,0.0,3.847943344166047,0.9054,0.0,0.345,7.967136708068848,q1_low,target2_seed23_random_k4
42,2,8,23,direct_support_nelbo,support_set_nelbo_top1,4,4,0.6784,0.6784,0.7873,1.2042832413198645,0.0,3.8013939430679917,0.3216,0.0,0.3216,9.210127716064454,q1_low,target2_seed23_random_k8
42,2,16,23,direct_support_nelbo,support_set_nelbo_top1,4,4,0.974,0.974,0.9903,0.09149191262906216,0.0,3.518895361563115,0.026,0.0,0.026,13.954106755161286,q2_mid_low,target2_seed23_random_k16
42,2,32,23,direct_support_nelbo,support_set_nelbo_top1,4,4,0.7923,0.7923,0.7983,0.8334960756889337,0.0,4.023559273011102,0.2077,0.0,0.2077,5.40604161067009,q1_low,target2_seed23_random_k32
42,2,4,31,direct_support_nelbo,support_set_nelbo_top1,4,4,0.9287,0.9287,0.9824,0.2540882870048284,0.0,3.5502393348391106,0.0713,0.0,0.0713,17.395551861190796,q2_mid_low,target2_seed31_random_k4
42,2,8,31,direct_support_nelbo,support_set_nelbo_top1,4,4,0.9578,0.9578,0.9981,0.14750352781049023,0.0,3.4950434219016495,0.0422,0.0,0.0422,17.818487115859984,q2_mid_low,target2_seed31_random_k8
42,2,16,31,direct_support_nelbo,support_set_nelbo_top1,4,4,0.7103999999999999,0.7104,0.784,1.0895360891613293,0.0,3.7924470915821504,0.2896,0.0,0.2896,9.382617029571533,q1_low,target2_seed31_random_k16
42,2,32,31,direct_support_nelbo,support_set_nelbo_top1,4,4,0.9012,0.9012,0.9105,0.36371069912631626,0.0,3.717582751996449,0.0988,0.0,0.0988,9.400928219223022,q1_low,target2_seed31_random_k32
42,3,4,17,direct_support_nelbo,support_set_nelbo_top1,1,1,0.706,0.706,0.945,5.115165787926011,0.0,35.104683354463106,0.294,0.294,0.294,43.04772146987915,q3_mid_high,target3_seed17_random_k4
42,3,8,17,direct_support_nelbo,support_set_nelbo_top1,1,1,0.9898,0.9898,0.9996,0.14050227540948898,0.0,0.0,0.0102,0.0102,0.0102,60.050284143829344,q4_high,target3_seed17_random_k8
42,3,16,17,direct_support_nelbo,support_set_nelbo_top1,1,1,1.0,1.0,1.0,0.0,0.0,0.0,0.0,0.0,0.0,67.05028495349885,q4_high,target3_seed17_random_k16
42,3,32,17,direct_support_nelbo,support_set_nelbo_top1,1,1,1.0,1.0,1.0,0.0,0.0,0.0,0.0,0.0,0.0,60.024085019063946,q4_high,target3_seed17_random_k32
42,3,4,23,direct_support_nelbo,support_set_nelbo_top1,1,1,0.9957,0.9957,1.0,0.05694665727494482,0.0,0.0,0.0043,0.0043,0.0043,40.63978176345825,q4_high,target3_seed23_random_k4
42,3,8,23,direct_support_nelbo,support_set_nelbo_top1,1,1,0.9997,0.9997,1.0,0.003859176198926915,0.0,0.0,0.0003,0.0003,0.0003,63.15787005405426,q4_high,target3_seed23_random_k8
42,3,16,23,direct_support_nelbo,support_set_nelbo_top1,1,1,0.9996,0.9996,1.0,0.005246917897108575,0.0,0.0,0.0004,0.0004,0.0004,37.66369426527023,q4_high,target3_seed23_random_k16
42,3,32,23,direct_support_nelbo,support_set_nelbo_top1,1,1,1.0,1.0,1.0,0.0,0.0,0.0,0.0,0.0,0.0,53.73921513688564,q4_high,target3_seed23_random_k32
42,3,4,31,direct_support_nelbo,support_set_nelbo_top1,1,1,1.0,1.0,1.0,0.0,0.0,0.0,0.0,0.0,0.0,73.19817657470703,q4_high,target3_seed31_random_k4
42,3,8,31,direct_support_nelbo,support_set_nelbo_top1,1,1,0.9994,0.9994,1.0,0.007833598998158268,0.0,0.0,0.0006,0.0006,0.0006,59.94795660839081,q4_high,target3_seed31_random_k8
42,3,16,31,direct_support_nelbo,support_set_nelbo_top1,1,1,1.0,1.0,1.0,0.0,0.0,0.0,0.0,0.0,0.0,60.68023557434082,q4_high,target3_seed31_random_k16
42,3,32,31,direct_support_nelbo,support_set_nelbo_top1,1,1,1.0,1.0,1.0,0.0,0.0,0.0,0.0,0.0,0.0,47.39628162302971,q4_high,target3_seed31_random_k32
42,4,4,17,direct_support_nelbo,support_set_nelbo_top1,2,1,0.675,0.0,0.325,3.07714305323937,0.4607864613419891,4.336870301189961,0.675,0.0,0.325,29.625443043518068,q2_mid_low,target4_seed17_random_k4
42,4,8,17,direct_support_nelbo,support_set_nelbo_top1,0,1,0.7721,0.0105,0.7826,1.2898944793837521,0.4928979754961687,4.182741271863663,0.2174,0.0,0.2279,16.594110071372985,q2_mid_low,target4_seed17_random_k8
42,4,16,17,direct_support_nelbo,support_set_nelbo_top1,0,1,0.8403,0.0919,0.9322,0.7675144231836546,0.0,4.161716200741603,0.0678,0.0,0.1597,12.866343679618835,q2_mid_low,target4_seed17_random_k16
42,4,32,17,direct_support_nelbo,support_set_nelbo_top1,0,1,0.8688,0.0534,0.9222,1.1391977888315312,0.0,4.642976557200237,0.0778,0.0,0.1312,9.290828266382217,q2_mid_low,target4_seed17_random_k32
42,4,4,23,direct_support_nelbo,support_set_nelbo_top1,2,1,0.7942,0.1169,0.2058,3.3729645114603524,0.0,4.217840519864204,0.7942,0.0,0.2058,38.83639077758789,q3_mid_high,target4_seed23_random_k4
42,4,8,23,direct_support_nelbo,support_set_nelbo_top1,0,1,0.5038,0.2366,0.7404,1.20788768724557,0.0,4.017841683327599,0.2596,0.0,0.4962,12.613664469528198,q1_low,target4_seed23_random_k8
42,4,16,23,direct_support_nelbo,support_set_nelbo_top1,1,1,0.7817000000000001,0.7817,0.9751,0.09936817100044121,0.0,0.06088293585083478,0.0249,0.0003,0.2183,12.087166197013856,q1_low,target4_seed23_random_k16
42,4,32,23,direct_support_nelbo,support_set_nelbo_top1,1,1,0.6171,0.6171,0.995,0.0813663231756576,0.0,0.16984342888826065,0.005,0.0,0.3829,6.810762100410462,q1_low,target4_seed23_random_k32
42,4,4,31,direct_support_nelbo,support_set_nelbo_top1,1,1,0.6346,0.6346,0.6346,1.4336458452329313,0.0,3.9234971133906162,0.3654,0.0,0.3654,28.217498237609863,q2_mid_low,target4_seed31_random_k4
42,4,8,31,direct_support_nelbo,support_set_nelbo_top1,1,1,0.7269,0.7269,0.779,0.8991447637469613,0.0,3.8854065264573476,0.221,0.009,0.2731,14.033378169441223,q2_mid_low,target4_seed31_random_k8
42,4,16,31,direct_support_nelbo,support_set_nelbo_top1,1,1,0.7034,0.7034,0.7866,0.8552720339435851,0.0,3.9809009576572096,0.2134,0.0004,0.2966,12.14766302986145,q2_mid_low,target4_seed31_random_k16
42,4,32,31,direct_support_nelbo,support_set_nelbo_top1,1,0,0.8325,0.1559,0.9884,0.10926538931248035,0.0,0.08293079773804353,0.0116,0.0,0.1675,9.59630049214363,q1_low,target4_seed31_random_k32
43,0,4,17,direct_support_nelbo,support_set_nelbo_top1,3,3,0.996,0.996,0.996,0.08380782735698454,0.0,0.0,0.004,0.004,0.004,29.03658143424988,q3_mid_high,target0_seed17_random_k4
43,0,8,17,direct_support_nelbo,support_set_nelbo_top1,3,3,1.0,1.0,1.0,0.0,0.0,0.0,0.0,0.0,0.0,39.98220332584381,q4_high,target0_seed17_random_k8
43,0,16,17,direct_support_nelbo,support_set_nelbo_top1,3,3,0.9751,0.9751,0.9751,0.4581247366626594,0.0,0.0,0.0249,0.0249,0.0249,32.26394371213913,q4_high,target0_seed17_random_k16
43,0,32,17,direct_support_nelbo,support_set_nelbo_top1,3,3,1.0,1.0,1.0,0.0,0.0,0.0,0.0,0.0,0.0,37.503451306962965,q4_high,target0_seed17_random_k32
43,0,4,23,direct_support_nelbo,support_set_nelbo_top1,3,3,0.9944,0.9944,1.0,0.07803564717290327,0.0,0.0,0.0056,0.0056,0.0056,52.964631526184085,q4_high,target0_seed23_random_k4
43,0,8,23,direct_support_nelbo,support_set_nelbo_top1,3,3,0.9997,0.9997,0.9997,0.006248951488384445,0.0,0.0,0.0003,0.0003,0.0003,51.40619253921509,q4_high,target0_seed23_random_k8
43,0,16,23,direct_support_nelbo,support_set_nelbo_top1,3,3,0.9971,0.9971,0.9975,0.05380206102596411,0.0,0.0,0.0029,0.0029,0.0029,38.30250593881607,q4_high,target0_seed23_random_k16
43,0,32,23,direct_support_nelbo,support_set_nelbo_top1,3,3,1.0,1.0,1.0,0.0,0.0,0.0,0.0,0.0,0.0,41.510423840665815,q4_high,target0_seed23_random_k32
43,0,4,31,direct_support_nelbo,support_set_nelbo_top1,3,3,0.6692,0.6692,0.6692,6.115542164926601,0.0,18.487128672692265,0.3308,0.3308,0.3308,29.40512551879883,q1_low,target0_seed31_random_k4
43,0,8,31,direct_support_nelbo,support_set_nelbo_top1,3,3,0.5475,0.5475,0.5536,8.513917302236313,0.0,18.8762870033989,0.4525,0.4525,0.4525,22.34755767364502,q1_low,target0_seed31_random_k8
43,0,16,31,direct_support_nelbo,support_set_nelbo_top1,3,3,0.9054,0.9054,0.9054,1.7902409143957247,0.0,18.924322562322672,0.0946,0.0946,0.0946,27.25385653038025,q3_mid_high,target0_seed31_random_k16
43,0,32,31,direct_support_nelbo,support_set_nelbo_top1,3,3,0.9658,0.9658,0.9658,0.6938342985075836,0.0,20.28755258794104,0.0342,0.0342,0.0342,26.661751877355577,q3_mid_high,target0_seed31_random_k32
43,1,4,17,direct_support_nelbo,support_set_nelbo_top1,3,3,0.7684,0.7684,0.9427,1.5558073923049263,0.0,9.455289603578459,0.2316,0.2316,0.2316,20.4285319896698,q2_mid_low,target1_seed17_random_k4
43,1,8,17,direct_support_nelbo,support_set_nelbo_top1,3,3,0.9849,0.9849,0.9926,0.112511802763025,0.0,0.0,0.0151,0.0151,0.0151,39.46978564338684,q4_high,target1_seed17_random_k8
43,1,16,17,direct_support_nelbo,support_set_nelbo_top1,3,3,0.998,0.998,0.999,0.014994523821138599,0.0,0.0,0.002,0.002,0.002,33.87184154729843,q4_high,target1_seed17_random_k16
43,1,32,17,direct_support_nelbo,support_set_nelbo_top1,3,3,0.9907,0.9907,0.9994,0.056401469983414415,0.0,0.0,0.0093,0.0093,0.0093,31.180908196401596,q4_high,target1_seed17_random_k32
43,1,4,23,direct_support_nelbo,support_set_nelbo_top1,3,3,0.9376,0.9376,0.9376,0.5852396402990153,0.0,9.378840389407298,0.0624,0.0624,0.0624,21.31006008682251,q2_mid_low,target1_seed23_random_k4
43,1,8,23,direct_support_nelbo,support_set_nelbo_top1,3,3,0.9968,0.9968,0.9991,0.021243507872244823,0.0,0.0,0.0032,0.0032,0.0032,24.99628437099457,q3_mid_high,target1_seed23_random_k8
43,1,16,23,direct_support_nelbo,support_set_nelbo_top1,3,3,0.8431,0.8431,0.8559,1.4334841151012288,0.0,9.441636371574042,0.1569,0.1569,0.1569,22.755983738803863,q3_mid_high,target1_seed23_random_k16
43,1,32,23,direct_support_nelbo,support_set_nelbo_top1,3,3,0.9439,0.9439,0.9451,0.5432720911492956,0.0,9.770339650117357,0.0561,0.0561,0.0561,24.667117498016356,q3_mid_high,target1_seed23_random_k32
43,1,4,31,direct_support_nelbo,support_set_nelbo_top1,2,3,0.6724,0.3276,0.3276,6.629186586612988,0.0,9.858992544040733,0.6724,0.6724,0.3276,66.291725025177,q3_mid_high,target1_seed31_random_k4
43,1,8,31,direct_support_nelbo,support_set_nelbo_top1,2,3,0.6578999999999999,0.3415,0.3421,6.674089760011731,0.0,10.139307583206447,0.6585,0.6585,0.3421,42.70321495399475,q3_mid_high,target1_seed31_random_k8
43,1,16,31,direct_support_nelbo,support_set_nelbo_top1,3,3,0.7883,0.7883,0.7906,2.06568445836806,0.0,9.80525965102936,0.2117,0.2117,0.2117,30.122664679908752,q3_mid_high,target1_seed31_random_k16
43,1,32,31,direct_support_nelbo,support_set_nelbo_top1,3,3,0.9788,0.9788,0.9788,0.19730127165307615,0.0,0.0,0.0212,0.0212,0.0212,32.65768434371948,q4_high,target1_seed31_random_k32
43,2,4,17,direct_support_nelbo,support_set_nelbo_top1,0,4,0.5339,0.3138,0.8477,1.6736435100786509,0.0,4.173969233802263,0.1523,0.0,0.4661,24.580231771087647,q2_mid_low,target2_seed17_random_k4
43,2,8,17,direct_support_nelbo,support_set_nelbo_top1,0,4,0.7459,0.184,0.9299,1.881806357324676,0.0,4.3401661460152825,0.816,0.0,0.2541,18.986233938217165,q2_mid_low,target2_seed17_random_k8
43,2,16,17,direct_support_nelbo,support_set_nelbo_top1,0,4,0.7494000000000001,0.237,0.9864,1.6845662580504712,0.0,2.1718420777271357,0.763,0.0,0.2506,15.703333568000794,q2_mid_low,target2_seed17_random_k16
43,2,32,17,direct_support_nelbo,support_set_nelbo_top1,0,4,0.5403,0.4466,0.9869,1.259896206599858,0.0,2.2286082906311027,0.5534,0.0,0.4597,10.902145334339142,q1_low,target2_seed17_random_k32
43,2,4,23,direct_support_nelbo,support_set_nelbo_top1,4,4,0.6281,0.6281,0.7374,1.2825193067092628,0.0,4.114554520707364,0.2626,0.0,0.3719,40.333655548095706,q3_mid_high,target2_seed23_random_k4
43,2,8,23,direct_support_nelbo,support_set_nelbo_top1,4,4,0.7085,0.7085,0.74,1.1398394019100822,0.0,4.162446265948845,0.26,0.0,0.2915,28.643017309188842,q2_mid_low,target2_seed23_random_k8
43,2,16,23,direct_support_nelbo,support_set_nelbo_top1,4,4,0.8573,0.8573,0.9491,0.36978151293473394,0.0,3.986797343292886,0.0509,0.0,0.1427,20.430523423767088,q3_mid_high,target2_seed23_random_k16
43,2,32,23,direct_support_nelbo,support_set_nelbo_top1,4,4,0.743,0.743,0.9556,0.6231384472360327,0.0,4.213198575211438,0.257,0.0,0.257,11.565712839221954,q1_low,target2_seed23_random_k32
43,2,4,31,direct_support_nelbo,support_set_nelbo_top1,4,4,0.6674,0.6674,1.0,0.6246041752653383,0.0,1.8779440026017387,0.0,0.0,0.3326,27.85465227127075,q1_low,target2_seed31_random_k4
43,2,8,31,direct_support_nelbo,support_set_nelbo_top1,4,4,0.9708,0.9708,1.0,0.049349282945378,0.0,1.690043936485548,0.0,0.0,0.0292,44.109397911071774,q4_high,target2_seed31_random_k8
43,2,16,31,direct_support_nelbo,support_set_nelbo_top1,4,4,0.7885,0.7885,0.999,0.39072918937814044,0.0,1.8374884995385206,0.001,0.0,0.2115,21.03600523338318,q2_mid_low,target2_seed31_random_k16
43,2,32,31,direct_support_nelbo,support_set_nelbo_top1,4,4,0.908,0.908,1.0,0.15736945048691117,0.0,1.710537505292513,0.0,0.0,0.092,19.68002274951935,q3_mid_high,target2_seed31_random_k32
43,3,4,17,direct_support_nelbo,support_set_nelbo_top1,0,0,0.6158,0.6158,1.0,2.2376916577681736,0.0,5.824288541822419,0.3842,0.3842,0.3842,33.00944117126465,q1_low,target3_seed17_random_k4
43,3,8,17,direct_support_nelbo,support_set_nelbo_top1,0,0,0.7357,0.7357,0.9991,1.5426905918219451,0.0,5.810902752066757,0.2643,0.2643,0.2643,22.798268428039552,q2_mid_low,target3_seed17_random_k8
43,3,16,17,direct_support_nelbo,support_set_nelbo_top1,0,0,0.6562,0.6562,1.0,2.071869985887132,0.0,6.026381576169667,0.3438,0.3438,0.3438,12.669385969257355,q1_low,target3_seed17_random_k16
43,3,32,17,direct_support_nelbo,support_set_nelbo_top1,0,0,0.9682,0.9682,0.999,0.1760574095920096,0.0,5.275573314628774,0.0318,0.0318,0.0318,28.67600660881996,q4_high,target3_seed17_random_k32
43,3,4,23,direct_support_nelbo,support_set_nelbo_top1,0,0,0.8225,0.8225,1.0,0.9985299226738212,0.0,5.62552069112012,0.1775,0.1775,0.1775,38.89150682296753,q4_high,target3_seed23_random_k4
43,3,8,23,direct_support_nelbo,support_set_nelbo_top1,0,0,0.8918,0.8918,0.9978,0.6269066541578366,0.0,5.631213463322342,0.1082,0.1082,0.1082,28.68182314682007,q3_mid_high,target3_seed23_random_k8
43,3,16,23,direct_support_nelbo,support_set_nelbo_top1,0,0,0.7251000000000001,0.7251,0.9686,1.8756998595009915,0.0,13.983291446189162,0.2749,0.2749,0.2749,16.66350297307968,q2_mid_low,target3_seed23_random_k16
43,3,32,23,direct_support_nelbo,support_set_nelbo_top1,0,0,0.8725,0.8725,0.9967,0.7702037762397468,0.0,5.81057522106222,0.1275,0.1275,0.1275,19.20631483616829,q3_mid_high,target3_seed23_random_k32
43,3,4,31,direct_support_nelbo,support_set_nelbo_top1,0,0,0.779,0.779,0.9257,1.8509611261657923,0.0,13.667723457353262,0.221,0.221,0.221,21.771070295715333,q3_mid_high,target3_seed31_random_k4
43,3,8,31,direct_support_nelbo,support_set_nelbo_top1,0,0,0.9476,0.9476,0.9999,0.2955525633683048,0.0,5.625167352091104,0.0524,0.0524,0.0524,32.75924672050476,q3_mid_high,target3_seed31_random_k8
43,3,16,31,direct_support_nelbo,support_set_nelbo_top1,0,0,0.8498,0.8498,0.9997,0.8760031571493504,0.0,5.816518764994888,0.1502,0.1502,0.1502,21.495026869678497,q3_mid_high,target3_seed31_random_k16
43,3,32,31,direct_support_nelbo,support_set_nelbo_top1,0,0,0.9268,0.9268,0.9996,0.42795730937853843,0.0,5.80068642729315,0.0732,0.0732,0.0732,22.73114072084427,q3_mid_high,target3_seed31_random_k32
43,4,4,17,direct_support_nelbo,support_set_nelbo_top1,0,0,0.5752999999999999,0.5753,0.7265,2.630925823046189,0.0,8.763146654804947,0.2735,0.2735,0.4247,19.02064316329956,q1_low,target4_seed17_random_k4
43,4,8,17,direct_support_nelbo,support_set_nelbo_top1,0,0,0.8718,0.8718,0.9535,0.5146052294821437,0.0,8.653714662254469,0.0465,0.0465,0.1282,31.014991400146485,q3_mid_high,target4_seed17_random_k8
43,4,16,17,direct_support_nelbo,support_set_nelbo_top1,0,0,0.48260000000000003,0.4826,0.9885,0.9615581681714602,0.0,1.6966265955637907,0.0115,0.0115,0.5174,16.01272010202408,q1_low,target4_seed17_random_k16
43,4,32,17,direct_support_nelbo,support_set_nelbo_top1,0,0,0.7417,0.7417,0.9992,0.39033981062887085,0.0,1.4883332370242475,0.0008,0.0008,0.2583,13.774745534849167,q1_low,target4_seed17_random_k32
43,4,4,23,direct_support_nelbo,support_set_nelbo_top1,0,0,0.7102999999999999,0.7103,0.9961,0.4647579460789593,0.0,1.5286552520054943,0.0039,0.0039,0.2897,23.6387618850708,q2_mid_low,target4_seed23_random_k4
43,4,8,23,direct_support_nelbo,support_set_nelbo_top1,0,0,0.6666000000000001,0.6666,0.9727,0.7185008792366057,0.0,8.859809163935035,0.0273,0.0273,0.3334,11.849087484741212,q1_low,target4_seed23_random_k8
43,4,16,23,direct_support_nelbo,support_set_nelbo_top1,0,0,0.9507,0.9507,0.9598,0.36932724659947763,0.0,8.883289324870855,0.0402,0.0402,0.0493,18.943258039188386,q3_mid_high,target4_seed23_random_k16
43,4,32,23,direct_support_nelbo,support_set_nelbo_top1,0,0,0.8345,0.8345,0.9984,0.25346047255398946,0.0,1.459073851620677,0.0016,0.0016,0.1655,11.807650151777267,q1_low,target4_seed23_random_k32
43,4,4,31,direct_support_nelbo,support_set_nelbo_top1,0,0,0.6802,0.6802,0.6802,2.8006655313909747,0.0,8.757553256382035,0.3198,0.3198,0.3198,50.905749871063236,q4_high,target4_seed31_random_k4
43,4,8,31,direct_support_nelbo,support_set_nelbo_top1,0,0,0.8135,0.8135,0.8142,1.6028309765703084,0.0,8.978022395569505,0.1858,0.1858,0.1865,31.52476819190979,q3_mid_high,target4_seed31_random_k8
43,4,16,31,direct_support_nelbo,support_set_nelbo_top1,0,0,0.895,0.895,0.9639,0.4100873272439636,0.0,9.215387062477424,0.0361,0.0361,0.105,25.211641099357603,q4_high,target4_seed31_random_k16
43,4,32,31,direct_support_nelbo,support_set_nelbo_top1,0,0,0.8741,0.8741,1.0,0.15739635883567757,0.0,1.2501696492111007,0.0,0.0,0.1259,19.12832019762993,q2_mid_low,target4_seed31_random_k32
44,0,4,17,direct_support_nelbo,support_set_nelbo_top1,1,3,0.6568,0.0,0.6568,10.891078319510939,6.739616149046143,18.835951144572935,1.0,1.0,0.3432,18.929761161804198,q2_mid_low,target0_seed17_random_k4
44,0,8,17,direct_support_nelbo,support_set_nelbo_top1,1,3,0.5905,0.2923,0.8828,6.367118293833335,0.0,19.230550616816988,0.7077,0.7077,0.4095,11.086461808204652,q1_low,target0_seed17_random_k8
44,0,16,17,direct_support_nelbo,support_set_nelbo_top1,3,3,0.5258,0.5258,0.9967,3.3850194491217795,0.0,7.054845799236409,0.4742,0.4742,0.4742,7.840704603385925,q1_low,target0_seed17_random_k16
44,0,32,17,direct_support_nelbo,support_set_nelbo_top1,3,3,0.946,0.946,1.0,0.38133207392228696,0.0,7.061705072634944,0.054,0.054,0.054,12.110686190271377,q2_mid_low,target0_seed17_random_k32
44,0,4,23,direct_support_nelbo,support_set_nelbo_top1,3,3,1.0,1.0,1.0,0.0,0.0,0.0,0.0,0.0,0.0,41.70638382034302,q4_high,target0_seed23_random_k4
44,0,8,23,direct_support_nelbo,support_set_nelbo_top1,3,3,1.0,1.0,1.0,0.0,0.0,0.0,0.0,0.0,0.0,38.49379157161712,q4_high,target0_seed23_random_k8
44,0,16,23,direct_support_nelbo,support_set_nelbo_top1,3,3,1.0,1.0,1.0,0.0,0.0,0.0,0.0,0.0,0.0,35.48611017246246,q4_high,target0_seed23_random_k16
44,0,32,23,direct_support_nelbo,support_set_nelbo_top1,3,3,0.9991,0.9991,0.9991,0.015755498739832507,0.0,0.0,0.0009,0.0009,0.0009,24.662635245275496,q3_mid_high,target0_seed23_random_k32
44,0,4,31,direct_support_nelbo,support_set_nelbo_top1,3,3,0.629,0.629,0.629,6.941738201886657,0.0,18.710884641203926,0.371,0.371,0.371,49.75851752471924,q2_mid_low,target0_seed31_random_k4
44,0,8,31,direct_support_nelbo,support_set_nelbo_top1,3,3,0.8182,0.8182,0.8218,3.3134041819598745,0.0,18.46508289304934,0.1818,0.1818,0.1818,35.312856478881834,q3_mid_high,target0_seed31_random_k8
44,0,16,31,direct_support_nelbo,support_set_nelbo_top1,3,3,0.9183,0.9183,0.9271,1.4134695477535915,0.0,18.61763692383255,0.0817,0.0817,0.0817,22.985435883426668,q3_mid_high,target0_seed31_random_k16
44,0,32,31,direct_support_nelbo,support_set_nelbo_top1,3,3,0.9989,0.9989,0.9996,0.011405510833823641,0.0,0.0,0.0011,0.0011,0.0011,24.65899270453453,q3_mid_high,target0_seed31_random_k32
44,1,4,17,direct_support_nelbo,support_set_nelbo_top1,3,3,0.8566,0.8566,1.0,0.826442670420258,0.0,5.763198538495524,0.1434,0.1434,0.1434,16.83444146156311,q2_mid_low,target1_seed17_random_k4
44,1,8,17,direct_support_nelbo,support_set_nelbo_top1,3,3,0.8886000000000001,0.8886,0.9982,0.6457803228955651,0.0,5.644155916995838,0.1114,0.1114,0.1114,27.87946792297363,q3_mid_high,target1_seed17_random_k8
44,1,16,17,direct_support_nelbo,support_set_nelbo_top1,3,3,0.6819999999999999,0.682,0.7596,4.685617765562781,0.0,17.540972033449524,0.318,0.318,0.318,17.542705725765227,q2_mid_low,target1_seed17_random_k16
44,1,32,17,direct_support_nelbo,support_set_nelbo_top1,3,3,0.9526,0.9526,0.9756,0.5611395168999463,0.0,5.838446544511066,0.0474,0.0474,0.0474,20.06839427280426,q3_mid_high,target1_seed17_random_k32
44,1,4,23,direct_support_nelbo,support_set_nelbo_top1,3,3,0.4606,0.4606,0.5856,6.468615291609929,0.0,13.852123090449892,0.5394,0.5394,0.5394,8.575219300079345,q1_low,target1_seed23_random_k4
44,1,8,23,direct_support_nelbo,support_set_nelbo_top1,3,3,0.9351,0.9351,0.987,0.45907165206379785,0.0,5.485786893279541,0.0649,0.0649,0.0649,40.86388464145661,q4_high,target1_seed23_random_k8
44,1,16,23,direct_support_nelbo,support_set_nelbo_top1,3,3,0.46220000000000006,0.4622,0.5949,7.297377476344471,0.0,17.83518662886895,0.5378,0.5378,0.5378,17.076321496772767,q1_low,target1_seed23_random_k16
44,1,32,23,direct_support_nelbo,support_set_nelbo_top1,3,3,0.7765,0.7765,0.9581,1.8172526088150684,0.0,15.338558910681307,0.2235,0.2235,0.2235,16.126117053842545,q2_mid_low,target1_seed23_random_k32
44,1,4,31,direct_support_nelbo,support_set_nelbo_top1,3,3,1.0,1.0,1.0,0.0,0.0,0.0,0.0,0.0,0.0,51.45824441947937,q4_high,target1_seed31_random_k4
44,1,8,31,direct_support_nelbo,support_set_nelbo_top1,3,3,0.9165,0.9165,1.0,0.478813907692886,0.0,5.734298295723185,0.0835,0.0835,0.0835,18.55581361618042,q2_mid_low,target1_seed31_random_k8
44,1,16,31,direct_support_nelbo,support_set_nelbo_top1,3,3,0.9285,0.9285,0.9997,0.41874032367184527,0.0,5.824053339329625,0.0715,0.0715,0.0715,13.53810039396286,q2_mid_low,target1_seed31_random_k16
44,1,32,31,direct_support_nelbo,support_set_nelbo_top1,3,3,0.9139,0.9139,0.9962,0.5653883437429179,0.0,6.117599413860372,0.0861,0.0861,0.0861,11.899592399215699,q2_mid_low,target1_seed31_random_k32
44,2,4,17,direct_support_nelbo,support_set_nelbo_top1,4,4,0.6984,0.6984,0.9786,0.2670983820926912,0.0,0.41032257848962284,0.0214,0.0214,0.3016,15.944381205749512,q1_low,target2_seed17_random_k4
44,2,8,17,direct_support_nelbo,support_set_nelbo_top1,0,4,0.6311,0.3688,0.9999,0.32090925176607926,0.0,0.5073661107614785,0.0001,0.0001,0.3689,11.681095915985107,q1_low,target2_seed17_random_k8
44,2,16,17,direct_support_nelbo,support_set_nelbo_top1,0,4,0.8847,0.0782,0.9629,0.9665246469266032,0.0,7.753524951064665,0.0371,0.0371,0.1153,11.933970449829102,q2_mid_low,target2_seed17_random_k16
44,2,32,17,direct_support_nelbo,support_set_nelbo_top1,4,4,0.8055,0.8055,0.9969,0.04977727278561063,0.0,0.15419134562319853,0.0031,0.0031,0.1945,10.661795248413085,q1_low,target2_seed17_random_k32
44,2,4,23,direct_support_nelbo,support_set_nelbo_top1,4,4,1.0,1.0,1.0,0.0,0.0,0.0,0.0,0.0,0.0,34.879507580566404,q3_mid_high,target2_seed23_random_k4
44,2,8,23,direct_support_nelbo,support_set_nelbo_top1,4,4,0.8509,0.8509,0.9936,0.09383487314987275,0.0,0.3455370803493946,0.0064,0.0064,0.1491,13.715478363800049,q1_low,target2_seed23_random_k8
44,2,16,23,direct_support_nelbo,support_set_nelbo_top1,0,4,0.6001000000000001,0.3994,0.9995,0.3419590506419827,0.0,0.5635583451885829,0.0005,0.0005,0.3999,10.612749267959595,q1_low,target2_seed23_random_k16
44,2,32,23,direct_support_nelbo,support_set_nelbo_top1,0,4,0.7361,0.1659,0.902,1.3783206438804108,0.0,7.174046434750133,0.098,0.098,0.2639,7.17645771112442,q1_low,target2_seed23_random_k32
44,2,4,31,direct_support_nelbo,support_set_nelbo_top1,0,4,1.0,0.0,1.0,0.5217693023478115,0.5217693023478115,0.5217693023478115,0.0,0.0,0.0,15.744432201385498,q2_mid_low,target2_seed31_random_k4
44,2,8,31,direct_support_nelbo,support_set_nelbo_top1,4,4,0.9296,0.9296,1.0,0.015616886327570705,0.0,0.22183077169844753,0.0,0.0,0.0704,26.490546020317076,q3_mid_high,target2_seed31_random_k8
44,2,16,31,direct_support_nelbo,support_set_nelbo_top1,4,4,0.9321,0.9321,1.0,0.009611780478729147,0.0,0.1415578862846708,0.0,0.0,0.0679,18.464853437519075,q2_mid_low,target2_seed31_random_k16
44,2,32,31,direct_support_nelbo,support_set_nelbo_top1,4,0,0.9072,0.0888,0.996,0.10803044270772744,0.0,0.09180984214803854,0.004,0.004,0.0928,15.394457430410386,q2_mid_low,target2_seed31_random_k32
44,3,4,17,direct_support_nelbo,support_set_nelbo_top1,1,0,0.9968,0.0,0.9968,2.056072766912189,1.9894071061652863,1.9894071061652863,0.0032,0.0032,0.0032,49.55405317420959,q4_high,target3_seed17_random_k4
44,3,8,17,direct_support_nelbo,support_set_nelbo_top1,1,0,0.49229999999999996,0.3837,0.876,3.2073552375837,0.0,18.886815726405402,0.124,0.124,0.5077,21.4706012840271,q1_low,target3_seed17_random_k8
44,3,16,17,direct_support_nelbo,support_set_nelbo_top1,0,0,0.5061,0.5061,0.9923,1.0201230948610407,0.0,1.7972837542870563,0.0077,0.0077,0.4939,15.30630813856125,q1_low,target3_seed17_random_k16
44,3,32,17,direct_support_nelbo,support_set_nelbo_top1,0,0,0.8575,0.8575,0.9953,0.2687581055282648,0.0,1.2919745949620813,0.0047,0.0047,0.1425,13.979506667757034,q2_mid_low,target3_seed17_random_k32
44,3,4,23,direct_support_nelbo,support_set_nelbo_top1,0,0,0.5841000000000001,0.5841,1.0,0.6888258428155315,0.0,1.656229485009693,0.0,0.0,0.4159,25.79057646484375,q1_low,target3_seed23_random_k4
44,3,8,23,direct_support_nelbo,support_set_nelbo_top1,0,0,0.8194,0.8194,0.9974,0.3172316398494526,0.0,1.4500599270047272,0.0026,0.0026,0.1806,27.211699026298522,q2_mid_low,target3_seed23_random_k8
44,3,16,23,direct_support_nelbo,support_set_nelbo_top1,0,0,0.8861,0.8861,1.0,0.1294139245308876,0.0,1.1362065367066514,0.0,0.0,0.1139,28.486132271194457,q3_mid_high,target3_seed23_random_k16
44,3,32,23,direct_support_nelbo,support_set_nelbo_top1,0,0,0.9116,0.9116,1.0,0.07901749946926583,0.0,0.8938631161681655,0.0,0.0,0.0884,20.579078420972824,q3_mid_high,target3_seed23_random_k32
44,3,4,31,direct_support_nelbo,support_set_nelbo_top1,0,0,1.0,1.0,1.0,0.0,0.0,0.0,0.0,0.0,0.0,38.29244437026978,q4_high,target3_seed31_random_k4
44,3,8,31,direct_support_nelbo,support_set_nelbo_top1,0,0,1.0,1.0,1.0,0.0,0.0,0.0,0.0,0.0,0.0,45.30820775241852,q4_high,target3_seed31_random_k8
44,3,16,31,direct_support_nelbo,support_set_nelbo_top1,0,0,0.6249,0.6249,1.0,0.6378779877802258,0.0,1.7005544862176105,0.0,0.0,0.3751,11.613778962421417,q1_low,target3_seed31_random_k16
44,3,32,31,direct_support_nelbo,support_set_nelbo_top1,1,0,0.6121,0.3879,1.0,1.2857836099732236,0.0,2.1006103740781303,0.6121,0.0,0.3879,7.493943667507172,q1_low,target3_seed31_random_k32
44,4,4,17,direct_support_nelbo,support_set_nelbo_top1,0,0,0.34840000000000004,0.3484,0.7429,2.779527792619785,0.0,7.121516228677334,0.6516,0.2571,0.6516,12.959939377593994,q1_low,target4_seed17_random_k4
44,4,8,17,direct_support_nelbo,support_set_nelbo_top1,0,0,0.7345999999999999,0.7346,0.8846,0.9698676952905809,0.0,5.088428034844552,0.2654,0.1154,0.2654,12.857691967010497,q2_mid_low,target4_seed17_random_k8
44,4,16,17,direct_support_nelbo,support_set_nelbo_top1,0,0,0.5599000000000001,0.5599,0.5695,2.3939850613846154,0.0,5.512822991734174,0.4401,0.4305,0.4401,16.91923297634125,q1_low,target4_seed17_random_k16
44,4,32,17,direct_support_nelbo,support_set_nelbo_top1,0,0,0.5507,0.5507,0.7594,1.9506113013420379,0.0,5.869084512789553,0.4493,0.2406,0.4493,8.028924288463593,q1_low,target4_seed17_random_k32
44,4,4,23,direct_support_nelbo,support_set_nelbo_top1,1,0,0.7932,0.0736,0.8668,2.709062213712927,0.0,7.051481038068294,0.9264,0.1332,0.2068,11.754679824829102,q1_low,target4_seed23_random_k4
44,4,8,23,direct_support_nelbo,support_set_nelbo_top1,0,0,0.563,0.563,0.8551,1.4231156046020212,0.0,5.07925005238109,0.437,0.1449,0.437,9.647543959808349,q1_low,target4_seed23_random_k8
44,4,16,23,direct_support_nelbo,support_set_nelbo_top1,0,0,0.8002,0.8002,0.9504,0.5957933171745586,0.0,5.007881644597507,0.1998,0.0496,0.1998,11.483684958457946,q2_mid_low,target4_seed23_random_k16
44,4,32,23,direct_support_nelbo,support_set_nelbo_top1,0,0,0.7918000000000001,0.7918,0.8905,0.8328886601885717,0.0,5.440818958061115,0.2082,0.1095,0.2082,9.843126305484772,q2_mid_low,target4_seed23_random_k32
44,4,4,31,direct_support_nelbo,support_set_nelbo_top1,0,0,0.5453,0.5453,0.9767,1.1480239577897982,0.0,2.3910447841293827,0.4547,0.0233,0.4547,7.319100001525879,q1_low,target4_seed31_random_k4
44,4,8,31,direct_support_nelbo,support_set_nelbo_top1,1,0,0.9248,0.0714,0.9962,2.3882313759981653,0.0,2.5618885262719355,0.9286,0.0,0.0752,11.091259786987305,q1_low,target4_seed31_random_k8
44,4,16,31,direct_support_nelbo,support_set_nelbo_top1,0,0,0.7142,0.7142,1.0,0.7038224974588919,0.0,2.4626399491213853,0.2858,0.0,0.2858,7.802570201492309,q1_low,target4_seed31_random_k16
44,4,32,31,direct_support_nelbo,support_set_nelbo_top1,0,0,0.873,0.873,0.9785,0.3505808921999799,0.0,2.3033561929421746,0.127,0.0215,0.127,10.994787227010727,q2_mid_low,target4_seed31_random_k32
42,0,4,17,conservative_support_nelbo,support_set_nelbo_conservative,3,3,0.9798,0.9798,0.9798,0.40436465307860237,0.0,0.0,0.0202,0.0202,0.0202,26.13554546546936,q3_mid_high,target0_seed17_random_k4
42,0,8,17,conservative_support_nelbo,support_set_nelbo_conservative,3,3,0.9924,0.9924,0.9924,0.1521420916089869,0.0,0.0,0.0076,0.0076,0.0076,24.145682934570313,q3_mid_high,target0_seed17_random_k8
42,0,16,17,conservative_support_nelbo,support_set_nelbo_conservative,3,3,1.0,1.0,1.0,0.0,0.0,0.0,0.0,0.0,0.0,51.61918292121887,q4_high,target0_seed17_random_k16
42,0,32,17,conservative_support_nelbo,support_set_nelbo_conservative,3,3,0.9926,0.9926,0.9995,0.04103663039776614,0.0,0.0,0.0074,0.0074,0.0074,28.33035236158371,q3_mid_high,target0_seed17_random_k32
42,0,4,23,conservative_support_nelbo,support_set_nelbo_conservative,3,3,0.8286,0.8286,0.8286,3.4370867881796796,0.0,20.0530151002315,0.1714,0.1714,0.1714,33.28189983139038,q3_mid_high,target0_seed23_random_k4
42,0,8,23,conservative_support_nelbo,support_set_nelbo_conservative,3,3,0.7038,0.7038,0.8137,3.042157864492882,0.0,12.102094457959659,0.2962,0.2962,0.2962,19.737240753364564,q2_mid_low,target0_seed23_random_k8
42,0,16,23,conservative_support_nelbo,support_set_nelbo_conservative,3,3,0.8866,0.8866,0.9686,0.8182508492877553,0.0,11.236809401429507,0.1134,0.1134,0.1134,20.26591431865692,q3_mid_high,target0_seed23_random_k16
42,0,32,23,conservative_support_nelbo,support_set_nelbo_conservative,3,3,0.9667,0.9667,0.9997,0.1923341550934199,0.0,5.728556779938536,0.0333,0.0333,0.0333,17.122026188850402,q2_mid_low,target0_seed23_random_k32
42,0,4,31,conservative_support_nelbo,support_set_nelbo_conservative,3,3,0.7117,0.7117,0.8603,3.459289310240389,0.0,20.01013099504412,0.2883,0.2883,0.2883,20.368408364486694,q3_mid_high,target0_seed31_random_k4
42,0,8,31,conservative_support_nelbo,support_set_nelbo_conservative,3,3,0.8401000000000001,0.8401,0.945,1.273208336807587,0.0,11.856334084720922,0.1599,0.1599,0.1599,16.836078399848937,q2_mid_low,target0_seed31_random_k8
42,0,16,31,conservative_support_nelbo,support_set_nelbo_conservative,3,3,0.9973,0.9973,0.9999,0.015295890325484606,0.0,0.0,0.0027,0.0027,0.0027,28.737197774600983,q4_high,target0_seed31_random_k16
42,0,32,31,conservative_support_nelbo,support_set_nelbo_conservative,3,3,0.9999,0.9999,1.0,0.0004826585146590384,0.0,0.0,0.0001,0.0,0.0001,39.28901346712112,q4_high,target0_seed31_random_k32
42,1,4,17,conservative_support_nelbo,support_set_nelbo_conservative,3,3,1.0,1.0,1.0,0.0,0.0,0.0,0.0,0.0,0.0,47.52995726699829,q4_high,target1_seed17_random_k4
42,1,8,17,conservative_support_nelbo,support_set_nelbo_conservative,2,3,0.5485,0.4515,0.4515,5.888809397455897,0.0,10.736206741031717,0.5485,0.5485,0.4515,22.77377214050293,q1_low,target1_seed17_random_k8
42,1,16,17,conservative_support_nelbo,support_set_nelbo_conservative,2,3,0.5796,0.385,0.4204,6.640158691088337,0.0,11.124944794484579,0.615,0.615,0.4204,11.921817802810668,q1_low,target1_seed17_random_k16
42,1,32,17,conservative_support_nelbo,support_set_nelbo_conservative,3,3,0.9788,0.9788,0.9888,0.1747179024567442,0.0,0.0,0.0212,0.0212,0.0212,16.862870387125014,q2_mid_low,target1_seed17_random_k32
42,1,4,23,conservative_support_nelbo,support_set_nelbo_conservative,0,3,0.5901000000000001,0.4099,1.0,3.1647395293164693,0.0,5.3630563113310785,0.5901,0.5901,0.4099,10.37933759918213,q1_low,target1_seed23_random_k4
42,1,8,23,conservative_support_nelbo,support_set_nelbo_conservative,3,3,0.8173,0.8173,1.0,0.985315157143749,0.0,5.393076941126157,0.1827,0.1827,0.1827,8.202471339035034,q1_low,target1_seed23_random_k8
42,1,16,23,conservative_support_nelbo,support_set_nelbo_conservative,3,3,0.9918,0.9918,1.0,0.04338459204412235,0.0,0.0,0.0082,0.0082,0.0082,22.30978972568512,q3_mid_high,target1_seed23_random_k16
42,1,32,23,conservative_support_nelbo,support_set_nelbo_conservative,3,3,0.9994,0.9994,1.0,0.003125985218438752,0.0,0.0,0.0006,0.0006,0.0006,23.843405482387542,q3_mid_high,target1_seed23_random_k32
42,1,4,31,conservative_support_nelbo,support_set_nelbo_conservative,3,3,0.9381,0.9381,1.0,0.31668252029125704,0.0,5.116034253493651,0.0619,0.0619,0.0619,51.625791318893434,q4_high,target1_seed31_random_k4
42,1,8,31,conservative_support_nelbo,support_set_nelbo_conservative,3,3,0.983,0.983,1.0,0.08676780606196594,0.0,0.0,0.017,0.017,0.017,37.162152565193175,q4_high,target1_seed31_random_k8
42,1,16,31,conservative_support_nelbo,support_set_nelbo_conservative,3,3,0.9869,0.9869,1.0,0.06760114380111613,0.0,0.0,0.0131,0.0131,0.0131,27.042642383289337,q3_mid_high,target1_seed31_random_k16
42,1,32,31,conservative_support_nelbo,support_set_nelbo_conservative,3,3,0.9995,0.9995,1.0,0.0024791823300816494,0.0,0.0,0.0005,0.0,0.0005,30.258516029644014,q4_high,target1_seed31_random_k32
42,2,4,17,conservative_support_nelbo,support_set_nelbo_conservative,4,4,0.7533,0.7533,0.7533,0.8667856668586437,0.0,3.5135211465692895,0.2467,0.0,0.2467,44.34936944543344,q4_high,target2_seed17_random_k4
42,2,8,17,conservative_support_nelbo,support_set_nelbo_conservative,4,4,0.9018,0.9018,0.9257,0.34384622728222203,0.0,3.4544616847436114,0.0982,0.0006,0.0982,23.870113079833985,q3_mid_high,target2_seed17_random_k8
42,2,16,17,conservative_support_nelbo,support_set_nelbo_conservative,4,4,0.9953,0.9953,0.9986,0.013917259126358269,0.0,0.0,0.0047,0.0,0.0047,34.67084706640244,q4_high,target2_seed17_random_k16
42,2,32,17,conservative_support_nelbo,support_set_nelbo_conservative,4,4,0.9997,0.9997,0.9997,0.0007568221225089355,0.0,0.0,0.0003,0.0,0.0003,30.276497459745407,q4_high,target2_seed17_random_k32
42,2,4,23,conservative_support_nelbo,support_set_nelbo_conservative,3,4,0.7379,0.0385,0.2621,3.6659457679959773,0.0,3.847943344166047,0.9615,0.0,0.2621,10.025060784858741,q1_low,target2_seed23_random_k4
42,2,8,23,conservative_support_nelbo,support_set_nelbo_conservative,4,4,0.6702,0.6702,0.7848,1.2344996965438064,0.0,3.8013939430679917,0.3298,0.0,0.3298,9.301811773300171,q1_low,target2_seed23_random_k8
42,2,16,23,conservative_support_nelbo,support_set_nelbo_conservative,4,4,0.9755,0.9755,0.9907,0.08621354347420528,0.0,0.0,0.0245,0.0,0.0245,14.005977902030946,q2_mid_low,target2_seed23_random_k16
42,2,32,23,conservative_support_nelbo,support_set_nelbo_conservative,4,4,0.7844,0.7844,0.791,0.8650624754141741,0.0,4.023559273011102,0.2156,0.0,0.2156,5.4207334433555605,q1_low,target2_seed23_random_k32
42,2,4,31,conservative_support_nelbo,support_set_nelbo_conservative,4,4,0.8084,0.8084,0.8939,0.6859903565499385,0.0,3.6045701547709195,0.1916,0.0,0.1916,16.260630769584804,q2_mid_low,target2_seed31_random_k4
42,2,8,31,conservative_support_nelbo,support_set_nelbo_conservative,4,4,0.9585,0.9585,0.9972,0.1450630110286415,0.0,3.4950434219016495,0.0415,0.0,0.0415,17.98931674861908,q2_mid_low,target2_seed31_random_k8
42,2,16,31,conservative_support_nelbo,support_set_nelbo_conservative,4,4,0.7014,0.7014,0.7798,1.1230970311229038,0.0,3.7924470915821504,0.2986,0.0,0.2986,9.271032323551179,q1_low,target2_seed31_random_k16
42,2,32,31,conservative_support_nelbo,support_set_nelbo_conservative,4,4,0.8972,0.8972,0.9053,0.3790438013305515,0.0,3.717582751996449,0.1028,0.0,0.1028,9.284451107788087,q1_low,target2_seed31_random_k32
42,3,4,17,conservative_support_nelbo,support_set_nelbo_conservative,1,1,0.6978,0.6978,0.9385,5.365996832013836,0.0,35.104683354463106,0.3022,0.3022,0.3022,43.064822816467284,q3_mid_high,target3_seed17_random_k4
42,3,8,17,conservative_support_nelbo,support_set_nelbo_conservative,1,1,0.9869,0.9869,0.9996,0.17800934337381955,0.0,0.0,0.0131,0.0131,0.0131,60.097339133644105,q4_high,target3_seed17_random_k8
42,3,16,17,conservative_support_nelbo,support_set_nelbo_conservative,1,1,1.0,1.0,1.0,0.0,0.0,0.0,0.0,0.0,0.0,66.77329244194031,q4_high,target3_seed17_random_k16
42,3,32,17,conservative_support_nelbo,support_set_nelbo_conservative,1,1,1.0,1.0,1.0,0.0,0.0,0.0,0.0,0.0,0.0,60.08267167129517,q4_high,target3_seed17_random_k32
42,3,4,23,conservative_support_nelbo,support_set_nelbo_conservative,1,1,0.9951,0.9951,1.0,0.0648927024760999,0.0,0.0,0.0049,0.0049,0.0049,40.3619187412262,q4_high,target3_seed23_random_k4
42,3,8,23,conservative_support_nelbo,support_set_nelbo_conservative,1,1,0.9999,0.9999,1.0,0.0012863920663089717,0.0,0.0,0.0001,0.0001,0.0001,62.93207984638214,q4_high,target3_seed23_random_k8
42,3,16,23,conservative_support_nelbo,support_set_nelbo_conservative,1,1,0.9995,0.9995,1.0,0.006558647371385719,0.0,0.0,0.0005,0.0005,0.0005,37.710840618419645,q4_high,target3_seed23_random_k16
42,3,32,23,conservative_support_nelbo,support_set_nelbo_conservative,1,1,1.0,1.0,1.0,0.0,0.0,0.0,0.0,0.0,0.0,53.58213379929066,q4_high,target3_seed23_random_k32
42,3,4,31,conservative_support_nelbo,support_set_nelbo_conservative,1,1,1.0,1.0,1.0,0.0,0.0,0.0,0.0,0.0,0.0,73.41066278762817,q4_high,target3_seed31_random_k4
42,3,8,31,conservative_support_nelbo,support_set_nelbo_conservative,1,1,0.9995,0.9995,1.0,0.006527999165131891,0.0,0.0,0.0005,0.0005,0.0005,60.00817436408997,q4_high,target3_seed31_random_k8
42,3,16,31,conservative_support_nelbo,support_set_nelbo_conservative,1,1,1.0,1.0,1.0,0.0,0.0,0.0,0.0,0.0,0.0,60.35377155628204,q4_high,target3_seed31_random_k16
42,3,32,31,conservative_support_nelbo,support_set_nelbo_conservative,1,1,1.0,1.0,1.0,0.0,0.0,0.0,0.0,0.0,0.0,47.29334004769325,q4_high,target3_seed31_random_k32
42,4,4,17,conservative_support_nelbo,support_set_nelbo_conservative,2,1,0.793,0.0,0.207,3.5345209463414307,0.4607864613419891,4.336870301189961,0.793,0.0,0.207,28.242556701119728,q3_mid_high,target4_seed17_random_k4
42,4,8,17,conservative_support_nelbo,support_set_nelbo_conservative,0,1,0.7657,0.0112,0.7769,1.3105815575901996,0.4928979754961687,4.182741271863663,0.2231,0.0,0.2343,16.467638305664064,q2_mid_low,target4_seed17_random_k8
42,4,16,17,conservative_support_nelbo,support_set_nelbo_conservative,0,1,0.8414,0.0918,0.9332,0.7639880575377752,0.0,4.161716200741603,0.0668,0.0,0.1586,12.975224932289123,q2_mid_low,target4_seed17_random_k16
42,4,32,17,conservative_support_nelbo,support_set_nelbo_conservative,0,1,0.8664000000000001,0.0521,0.9185,1.1542277020581406,0.0,4.642976557200237,0.0815,0.0,0.1336,9.259474269294738,q2_mid_low,target4_seed17_random_k32
42,4,4,23,conservative_support_nelbo,support_set_nelbo_conservative,2,1,0.9105,0.0362,0.0895,3.854226716982454,0.0,4.217840519864204,0.9105,0.0,0.0895,44.027159569252305,q4_high,target4_seed23_random_k4
42,4,8,23,conservative_support_nelbo,support_set_nelbo_conservative,0,1,0.51,0.24,0.75,1.171345202470248,0.0,4.017841683327599,0.25,0.0,0.49,12.575762713623046,q1_low,target4_seed23_random_k8
42,4,16,23,conservative_support_nelbo,support_set_nelbo_conservative,1,1,0.7803,0.7803,0.9758,0.09827427182726503,0.0,0.06088293585083478,0.0242,0.0006,0.2197,11.947770765304565,q1_low,target4_seed23_random_k16
42,4,32,23,conservative_support_nelbo,support_set_nelbo_conservative,1,1,0.6153,0.6153,0.9938,0.0855920271686987,0.0,0.16984342888826065,0.0062,0.0,0.3847,6.694985385084152,q1_low,target4_seed23_random_k32
42,4,4,31,conservative_support_nelbo,support_set_nelbo_conservative,1,1,0.5718,0.5718,0.5718,1.680041463953862,0.0,3.9234971133906162,0.4282,0.0,0.4282,26.7634913153449,q1_low,target4_seed31_random_k4
42,4,8,31,conservative_support_nelbo,support_set_nelbo_conservative,1,1,0.7348,0.7348,0.7864,0.8684124859468526,0.0,3.8854065264573476,0.2136,0.0085,0.2652,14.368806121635437,q1_low,target4_seed31_random_k8
42,4,16,31,conservative_support_nelbo,support_set_nelbo_conservative,1,1,0.7052,0.7052,0.7889,0.8468702457722634,0.0,3.9809009576572096,0.2111,0.0006,0.2948,12.111933325386047,q2_mid_low,target4_seed31_random_k16
42,4,32,31,conservative_support_nelbo,support_set_nelbo_conservative,1,0,0.8389,0.1498,0.9887,0.10875583175777385,0.0,0.08293079773804353,0.0113,0.0,0.1611,9.514740374088287,q1_low,target4_seed31_random_k32
43,0,4,17,conservative_support_nelbo,support_set_nelbo_conservative,3,3,0.9955,0.9955,0.9955,0.0942838057766076,0.0,0.0,0.0045,0.0045,0.0045,28.869404998016357,q3_mid_high,target0_seed17_random_k4
43,0,8,17,conservative_support_nelbo,support_set_nelbo_conservative,3,3,0.9999,0.9999,0.9999,0.0020715179637391737,0.0,0.0,0.0001,0.0001,0.0001,41.896434681068506,q4_high,target0_seed17_random_k8
43,0,16,17,conservative_support_nelbo,support_set_nelbo_conservative,3,3,0.9734,0.9734,0.9734,0.48940232912557197,0.0,18.39858380171323,0.0266,0.0266,0.0266,32.149687868118285,q4_high,target0_seed17_random_k16
43,0,32,17,conservative_support_nelbo,support_set_nelbo_conservative,3,3,1.0,1.0,1.0,0.0,0.0,0.0,0.0,0.0,0.0,37.5067515496254,q4_high,target0_seed17_random_k32
43,0,4,23,conservative_support_nelbo,support_set_nelbo_conservative,3,3,0.9957,0.9957,1.0,0.059920229079193574,0.0,0.0,0.0043,0.0043,0.0043,53.33196363182068,q4_high,target0_seed23_random_k4
43,0,8,23,conservative_support_nelbo,support_set_nelbo_conservative,3,3,1.0,1.0,1.0,0.0,0.0,0.0,0.0,0.0,0.0,56.712051588849526,q4_high,target0_seed23_random_k8
43,0,16,23,conservative_support_nelbo,support_set_nelbo_conservative,3,3,0.9973,0.9973,0.9976,0.04989858142637331,0.0,0.0,0.0027,0.0027,0.0027,38.19008977308273,q4_high,target0_seed23_random_k16
43,0,32,23,conservative_support_nelbo,support_set_nelbo_conservative,3,3,1.0,1.0,1.0,0.0,0.0,0.0,0.0,0.0,0.0,41.62410792346001,q4_high,target0_seed23_random_k32
43,0,4,31,conservative_support_nelbo,support_set_nelbo_conservative,3,3,0.6658999999999999,0.6659,0.6659,6.176549689546485,0.0,18.487128672692265,0.3341,0.3341,0.3341,29.590423211669922,q1_low,target0_seed31_random_k4
43,0,8,31,conservative_support_nelbo,support_set_nelbo_conservative,2,3,0.5328999999999999,0.4643,0.4671,10.09935691705772,0.0,18.8762870033989,0.5357,0.5357,0.4671,23.40296740576074,q1_low,target0_seed31_random_k8
43,0,16,31,conservative_support_nelbo,support_set_nelbo_conservative,3,3,0.9129,0.9129,0.9129,1.6483084951783047,0.0,18.924322562322672,0.0871,0.0871,0.0871,27.275564847946168,q3_mid_high,target0_seed31_random_k16
43,0,32,31,conservative_support_nelbo,support_set_nelbo_conservative,3,3,0.965,0.965,0.965,0.7100643405779364,0.0,20.28755258794104,0.035,0.035,0.035,26.481866488409043,q3_mid_high,target0_seed31_random_k32
43,1,4,17,conservative_support_nelbo,support_set_nelbo_conservative,3,3,0.7847,0.7847,0.944,1.4562505159906802,0.0,9.455289603578459,0.2153,0.2153,0.2153,20.606062941360474,q2_mid_low,target1_seed17_random_k4
43,1,8,17,conservative_support_nelbo,support_set_nelbo_conservative,3,3,0.9862,0.9862,0.9918,0.10823797113341048,0.0,0.0,0.0138,0.0138,0.0138,39.7690901845932,q4_high,target1_seed17_random_k8
43,1,16,17,conservative_support_nelbo,support_set_nelbo_conservative,3,3,0.9977,0.9977,0.9989,0.017057035319273696,0.0,0.0,0.0023,0.0023,0.0023,33.73046271972656,q4_high,target1_seed17_random_k16
43,1,32,17,conservative_support_nelbo,support_set_nelbo_conservative,3,3,0.9917,0.9917,0.9996,0.04984252074403231,0.0,0.0,0.0083,0.0083,0.0083,31.241652682590484,q4_high,target1_seed17_random_k32
43,1,4,23,conservative_support_nelbo,support_set_nelbo_conservative,3,3,0.9384,0.9384,0.9384,0.5777365679874895,0.0,9.378840389407298,0.0616,0.0616,0.0616,21.4476001209259,q2_mid_low,target1_seed23_random_k4
43,1,8,23,conservative_support_nelbo,support_set_nelbo_conservative,3,3,0.9977,0.9977,0.9989,0.016796393731594805,0.0,0.0,0.0023,0.0023,0.0023,24.791127826881407,q3_mid_high,target1_seed23_random_k8
43,1,16,23,conservative_support_nelbo,support_set_nelbo_conservative,3,3,0.8488,0.8488,0.8598,1.3864039391018295,0.0,9.441636371574042,0.1512,0.1512,0.1512,22.634167880249024,q3_mid_high,target1_seed23_random_k16
43,1,32,23,conservative_support_nelbo,support_set_nelbo_conservative,3,3,0.9441,0.9441,0.9456,0.5401070324137001,0.0,9.770339650117357,0.0559,0.0559,0.0559,24.847712470960616,q3_mid_high,target1_seed23_random_k32
43,1,4,31,conservative_support_nelbo,support_set_nelbo_conservative,2,3,0.6723,0.3277,0.3277,6.628200687358585,0.0,9.858992544040733,0.6723,0.6723,0.3277,66.92747516174316,q3_mid_high,target1_seed31_random_k4
43,1,8,31,conservative_support_nelbo,support_set_nelbo_conservative,2,3,0.6706,0.3292,0.3294,6.800566098971648,0.0,10.139307583206447,0.6708,0.6708,0.3294,42.495899486541745,q3_mid_high,target1_seed31_random_k8
43,1,16,31,conservative_support_nelbo,support_set_nelbo_conservative,3,3,0.7897000000000001,0.7897,0.7918,2.0528344000526935,0.0,9.80525965102936,0.2103,0.2103,0.2103,30.334116289901733,q3_mid_high,target1_seed31_random_k16
43,1,32,31,conservative_support_nelbo,support_set_nelbo_conservative,3,3,0.9765,0.9765,0.9767,0.21787507722374616,0.0,0.0,0.0235,0.0235,0.0235,32.59903253736496,q4_high,target1_seed31_random_k32
43,2,4,17,conservative_support_nelbo,support_set_nelbo_conservative,0,4,0.5413,0.3096,0.8509,1.6746730515885508,0.0,4.173969233802263,0.1491,0.0,0.4587,24.66794336166382,q2_mid_low,target2_seed17_random_k4
43,2,8,17,conservative_support_nelbo,support_set_nelbo_conservative,0,4,0.7507,0.1821,0.9328,1.8793717610225442,0.0,4.3401661460152825,0.8179,0.0,0.2493,18.861240037155152,q2_mid_low,target2_seed17_random_k8
43,2,16,17,conservative_support_nelbo,support_set_nelbo_conservative,0,4,0.7557,0.2298,0.9855,1.7020201149417387,0.0,2.1718420777271357,0.7702,0.0,0.2443,15.793586081027984,q2_mid_low,target2_seed17_random_k16
43,2,32,17,conservative_support_nelbo,support_set_nelbo_conservative,0,4,0.5256000000000001,0.459,0.9846,1.2369289501089022,0.0,2.2286082906311027,0.541,0.0,0.4744,10.848398974752426,q1_low,target2_seed17_random_k32
43,2,4,23,conservative_support_nelbo,support_set_nelbo_conservative,4,4,0.6335,0.6335,0.7495,1.2451179164975337,0.0,4.114554520707364,0.2505,0.0,0.3665,39.828745486450195,q2_mid_low,target2_seed23_random_k4
43,2,8,23,conservative_support_nelbo,support_set_nelbo_conservative,4,4,0.6989000000000001,0.6989,0.7314,1.177465118297667,0.0,4.162446265948845,0.2686,0.0,0.3011,28.178274020767212,q2_mid_low,target2_seed23_random_k8
43,2,16,23,conservative_support_nelbo,support_set_nelbo_conservative,4,4,0.8512,0.8512,0.9479,0.38347179488818345,0.0,3.986797343292886,0.0521,0.0,0.1488,20.379275350761414,q3_mid_high,target2_seed23_random_k16
43,2,32,23,conservative_support_nelbo,support_set_nelbo_conservative,4,4,0.7449,0.7449,0.952,0.6270246903865138,0.0,4.213198575211438,0.2551,0.0,0.2551,11.33110697002411,q1_low,target2_seed23_random_k32
43,2,4,31,conservative_support_nelbo,support_set_nelbo_conservative,4,4,0.6635,0.6635,1.0,0.6319281568754851,0.0,1.8779440026017387,0.0,0.0,0.3365,27.653283447265625,q1_low,target2_seed31_random_k4
43,2,8,31,conservative_support_nelbo,support_set_nelbo_conservative,4,4,0.9723,0.9723,1.0,0.04681421704064968,0.0,1.690043936485548,0.0,0.0,0.0277,44.09337321052551,q4_high,target2_seed31_random_k8
43,2,16,31,conservative_support_nelbo,support_set_nelbo_conservative,4,4,0.7883,0.7883,0.9992,0.39067661273289944,0.0,1.8374884995385206,0.0008,0.0,0.2117,20.912860229110716,q2_mid_low,target2_seed31_random_k16
43,2,32,31,conservative_support_nelbo,support_set_nelbo_conservative,4,4,0.9065,0.9065,1.0,0.15993525674484996,0.0,1.710537505292513,0.0,0.0,0.0935,19.845594141292572,q3_mid_high,target2_seed31_random_k32
43,3,4,17,conservative_support_nelbo,support_set_nelbo_conservative,0,0,0.6103000000000001,0.6103,1.0,2.2697252447481966,0.0,5.824288541822419,0.3897,0.3897,0.3897,33.06931758956909,q1_low,target3_seed17_random_k4
43,3,8,17,conservative_support_nelbo,support_set_nelbo_conservative,0,0,0.7284999999999999,0.7285,0.9989,1.5860555348480927,0.0,5.810902752066757,0.2715,0.2715,0.2715,22.542317108917235,q1_low,target3_seed17_random_k8
43,3,16,17,conservative_support_nelbo,support_set_nelbo_conservative,0,0,0.6497999999999999,0.6498,1.0,2.1104388279746176,0.0,6.026381576169667,0.3502,0.3502,0.3502,12.703390008926391,q1_low,target3_seed17_random_k16
43,3,32,17,conservative_support_nelbo,support_set_nelbo_conservative,0,0,0.9675,0.9675,0.999,0.17975031091224974,0.0,5.275573314628774,0.0325,0.0325,0.0325,28.704403903245925,q4_high,target3_seed17_random_k32
43,3,4,23,conservative_support_nelbo,support_set_nelbo_conservative,0,0,0.8103,0.8103,1.0,1.0671612751054869,0.0,5.62552069112012,0.1897,0.1897,0.1897,39.005479351043704,q4_high,target3_seed23_random_k4
43,3,8,23,conservative_support_nelbo,support_set_nelbo_conservative,0,0,0.8865,0.8865,0.9987,0.649548257475389,0.0,5.631213463322342,0.1135,0.1135,0.1135,28.85181466007233,q3_mid_high,target3_seed23_random_k8
43,3,16,23,conservative_support_nelbo,support_set_nelbo_conservative,0,0,0.7331,0.7331,0.9704,1.813950583973161,0.0,13.983291446189162,0.2669,0.2669,0.2669,16.949690036010743,q2_mid_low,target3_seed23_random_k16
43,3,32,23,conservative_support_nelbo,support_set_nelbo_conservative,0,0,0.8756,0.8756,0.9963,0.7557492276670978,0.0,5.81057522106222,0.1244,0.1244,0.1244,19.22607840166092,q3_mid_high,target3_seed23_random_k32
43,3,4,31,conservative_support_nelbo,support_set_nelbo_conservative,0,0,0.7681,0.7681,0.9251,1.9178197528429974,0.0,13.667723457353262,0.2319,0.2319,0.2319,21.72927938232422,q3_mid_high,target3_seed31_random_k4
43,3,8,31,conservative_support_nelbo,support_set_nelbo_conservative,0,0,0.9465,0.9465,0.9993,0.306503012167991,0.0,5.625167352091104,0.0535,0.0535,0.0535,32.78638903656006,q3_mid_high,target3_seed31_random_k8
43,3,16,31,conservative_support_nelbo,support_set_nelbo_conservative,0,0,0.8456,0.8456,0.9988,0.9075186519036835,0.0,5.816518764994888,0.1544,0.1544,0.1544,21.397354757022857,q3_mid_high,target3_seed31_random_k16
43,3,32,31,conservative_support_nelbo,support_set_nelbo_conservative,0,0,0.9214,0.9214,0.9998,0.4576074846355815,0.0,5.80068642729315,0.0786,0.0786,0.0786,22.66208636622429,q3_mid_high,target3_seed31_random_k32
43,4,4,17,conservative_support_nelbo,support_set_nelbo_conservative,0,0,0.5740000000000001,0.574,0.7231,2.6574676714925665,0.0,8.763146654804947,0.2769,0.2769,0.426,18.88953652648926,q2_mid_low,target4_seed17_random_k4
43,4,8,17,conservative_support_nelbo,support_set_nelbo_conservative,0,0,0.8725,0.8725,0.9523,0.5223802103864466,0.0,8.653714662254469,0.0477,0.0477,0.1275,31.45683642177582,q3_mid_high,target4_seed17_random_k8
43,4,16,17,conservative_support_nelbo,support_set_nelbo_conservative,0,0,0.4878,0.4878,0.9892,0.947639492714639,0.0,1.6966265955637907,0.0108,0.0108,0.5122,16.174173502731325,q1_low,target4_seed17_random_k16
43,4,32,17,conservative_support_nelbo,support_set_nelbo_conservative,0,0,0.735,0.735,0.9993,0.39957372637874483,0.0,1.4883332370242475,0.0007,0.0007,0.265,13.848982656145095,q1_low,target4_seed17_random_k32
43,4,4,23,conservative_support_nelbo,support_set_nelbo_conservative,0,0,0.7121,0.7121,0.9962,0.46144466099527326,0.0,1.5286552520054943,0.0038,0.0038,0.2879,23.606577647399902,q2_mid_low,target4_seed23_random_k4
43,4,8,23,conservative_support_nelbo,support_set_nelbo_conservative,0,0,0.6592,0.6592,0.9732,0.7263720589525254,0.0,8.859809163935035,0.0268,0.0268,0.3408,11.987618438339233,q1_low,target4_seed23_random_k8
43,4,16,23,conservative_support_nelbo,support_set_nelbo_conservative,0,0,0.9479,0.9479,0.9587,0.3813815381268837,0.0,8.883289324870855,0.0413,0.0413,0.0521,18.763467765426636,q3_mid_high,target4_seed23_random_k16
43,4,32,23,conservative_support_nelbo,support_set_nelbo_conservative,0,0,0.8351,0.8351,0.9988,0.2495890907153252,0.0,1.459073851620677,0.0012,0.0012,0.1649,11.953072466278076,q1_low,target4_seed23_random_k32
43,4,4,31,conservative_support_nelbo,support_set_nelbo_conservative,0,0,0.6846,0.6846,0.6846,2.7621322970628936,0.0,8.757553256382035,0.3154,0.3154,0.3154,50.40094449424743,q3_mid_high,target4_seed31_random_k4
43,4,8,31,conservative_support_nelbo,support_set_nelbo_conservative,0,0,0.8224,0.8224,0.8237,1.529150193072536,0.0,8.978022395569505,0.1763,0.1763,0.1776,32.34222470645904,q3_mid_high,target4_seed31_random_k8
43,4,16,31,conservative_support_nelbo,support_set_nelbo_conservative,0,0,0.8871,0.8871,0.9624,0.4308375942723099,0.0,9.215387062477424,0.0376,0.0376,0.1129,25.241564621162414,q4_high,target4_seed31_random_k16
43,4,32,31,conservative_support_nelbo,support_set_nelbo_conservative,0,0,0.8865,0.8865,0.9998,0.1434022954770456,0.0,1.2501696492111007,0.0002,0.0002,0.1135,19.002475886201857,q2_mid_low,target4_seed31_random_k32
44,0,4,17,conservative_support_nelbo,support_set_nelbo_conservative,1,3,0.6504,0.0,0.6504,10.96849486348231,6.739616149046143,18.835951144572935,1.0,1.0,0.3496,18.683371287918092,q2_mid_low,target0_seed17_random_k4
44,0,8,17,conservative_support_nelbo,support_set_nelbo_conservative,1,3,0.6186,0.1959,0.8145,7.876303541265645,0.0,19.230550616816988,0.8041,0.8041,0.3814,12.791181553915118,q2_mid_low,target0_seed17_random_k8
44,0,16,17,conservative_support_nelbo,support_set_nelbo_conservative,3,3,0.5437000000000001,0.5437,0.9966,3.2599380599555654,0.0,7.054845799236409,0.4563,0.4563,0.4563,7.781259012126923,q1_low,target0_seed17_random_k16
44,0,32,17,conservative_support_nelbo,support_set_nelbo_conservative,3,3,0.9404,0.9404,0.9999,0.42239307514227603,0.0,7.061705072634944,0.0596,0.0596,0.0596,12.098919292879105,q2_mid_low,target0_seed17_random_k32
44,0,4,23,conservative_support_nelbo,support_set_nelbo_conservative,3,3,1.0,1.0,1.0,0.0,0.0,0.0,0.0,0.0,0.0,41.73850458068848,q4_high,target0_seed23_random_k4
44,0,8,23,conservative_support_nelbo,support_set_nelbo_conservative,3,3,1.0,1.0,1.0,0.0,0.0,0.0,0.0,0.0,0.0,39.082627290221495,q4_high,target0_seed23_random_k8
44,0,16,23,conservative_support_nelbo,support_set_nelbo_conservative,3,3,1.0,1.0,1.0,0.0,0.0,0.0,0.0,0.0,0.0,35.53109333276748,q4_high,target0_seed23_random_k16
44,0,32,23,conservative_support_nelbo,support_set_nelbo_conservative,3,3,0.9989,0.9989,0.999,0.018121298582800417,0.0,0.0,0.0011,0.0011,0.0011,24.60494157972336,q3_mid_high,target0_seed23_random_k32
44,0,4,31,conservative_support_nelbo,support_set_nelbo_conservative,3,3,0.6281,0.6281,0.6281,6.958577998063739,0.0,18.710884641203926,0.3719,0.3719,0.3719,49.742065869522094,q2_mid_low,target0_seed31_random_k4
44,0,8,31,conservative_support_nelbo,support_set_nelbo_conservative,3,3,0.7404,0.7404,0.7426,4.766922920815528,0.0,18.46508289304934,0.2596,0.2596,0.2596,37.16167050928458,q2_mid_low,target0_seed31_random_k8
44,0,16,31,conservative_support_nelbo,support_set_nelbo_conservative,3,3,0.92,0.92,0.9285,1.3854874532418329,0.0,18.61763692383255,0.08,0.08,0.08,23.030517680168153,q3_mid_high,target0_seed31_random_k16
44,0,32,31,conservative_support_nelbo,support_set_nelbo_conservative,3,3,0.9978,0.9978,0.9995,0.019375448470965936,0.0,0.0,0.0022,0.0022,0.0022,24.688919535398483,q3_mid_high,target0_seed31_random_k32
44,1,4,17,conservative_support_nelbo,support_set_nelbo_conservative,3,3,0.8586,0.8586,1.0,0.814916273343267,0.0,5.763198538495524,0.1414,0.1414,0.1414,16.941586421585082,q2_mid_low,target1_seed17_random_k4
44,1,8,17,conservative_support_nelbo,support_set_nelbo_conservative,3,3,0.8929,0.8929,0.999,0.6140769474633208,0.0,5.644155916995838,0.1071,0.1071,0.1071,27.689401245880127,q3_mid_high,target1_seed17_random_k8
44,1,16,17,conservative_support_nelbo,support_set_nelbo_conservative,3,3,0.6806,0.6806,0.7544,4.753875681771489,0.0,17.540972033449524,0.3194,0.3194,0.3194,17.745116172885893,q2_mid_low,target1_seed17_random_k16
44,1,32,17,conservative_support_nelbo,support_set_nelbo_conservative,3,3,0.9522,0.9522,0.9745,0.5762960785406661,0.0,17.494067474434093,0.0478,0.0478,0.0478,20.362330407619478,q3_mid_high,target1_seed17_random_k32
44,1,4,23,conservative_support_nelbo,support_set_nelbo_conservative,3,3,0.4515,0.4515,0.5793,6.57117488749094,0.0,13.852123090449892,0.5485,0.5485,0.5485,8.573405695343018,q1_low,target1_seed23_random_k4
44,1,8,23,conservative_support_nelbo,support_set_nelbo_conservative,3,3,0.9404,0.9404,0.9871,0.42920433473949354,0.0,5.485786893279541,0.0596,0.0596,0.0596,41.188975799942014,q4_high,target1_seed23_random_k8
44,1,16,23,conservative_support_nelbo,support_set_nelbo_conservative,3,3,0.4608,0.4608,0.5891,7.377434041217225,0.0,17.83518662886895,0.5392,0.5392,0.5392,17.174971845436097,q1_low,target1_seed23_random_k16
44,1,32,23,conservative_support_nelbo,support_set_nelbo_conservative,3,3,0.7837000000000001,0.7837,0.9625,1.731794410445058,0.0,15.338558910681307,0.2163,0.2163,0.2163,16.191291526031495,q2_mid_low,target1_seed23_random_k32
44,1,4,31,conservative_support_nelbo,support_set_nelbo_conservative,3,3,1.0,1.0,1.0,0.0,0.0,0.0,0.0,0.0,0.0,51.20537965393066,q4_high,target1_seed31_random_k4
44,1,8,31,conservative_support_nelbo,support_set_nelbo_conservative,3,3,0.9134,0.9134,1.0,0.49659023240962785,0.0,5.734298295723185,0.0866,0.0866,0.0866,18.467882841300963,q2_mid_low,target1_seed31_random_k8
44,1,16,31,conservative_support_nelbo,support_set_nelbo_conservative,3,3,0.9302,0.9302,0.9992,0.41270694951128006,0.0,5.824053339329625,0.0698,0.0698,0.0698,13.52795505027771,q2_mid_low,target1_seed31_random_k16
44,1,32,31,conservative_support_nelbo,support_set_nelbo_conservative,3,3,0.9099,0.9099,0.9941,0.6110054265556932,0.0,6.117599413860372,0.0901,0.0901,0.0901,12.012791197490692,q2_mid_low,target1_seed31_random_k32
44,2,4,17,conservative_support_nelbo,support_set_nelbo_conservative,4,4,0.6973,0.6973,0.9808,0.2528133255587267,0.0,0.41032257848962284,0.0192,0.0192,0.3027,15.998056209945679,q1_low,target2_seed17_random_k4
44,2,8,17,conservative_support_nelbo,support_set_nelbo_conservative,0,4,0.5816,0.418,0.9996,0.29792612707691657,0.0,0.5073661107614785,0.0004,0.0004,0.4184,11.963313142110566,q1_low,target2_seed17_random_k8
44,2,16,17,conservative_support_nelbo,support_set_nelbo_conservative,0,4,0.8811,0.0818,0.9629,0.962895895809292,0.0,7.753524951064665,0.0371,0.0371,0.1189,11.768505625724792,q2_mid_low,target2_seed17_random_k16
44,2,32,17,conservative_support_nelbo,support_set_nelbo_conservative,4,4,0.808,0.808,0.9963,0.05219535584399536,0.0,0.15419134562319853,0.0037,0.0037,0.192,10.703327936172485,q1_low,target2_seed17_random_k32
44,2,4,23,conservative_support_nelbo,support_set_nelbo_conservative,4,4,1.0,1.0,1.0,0.0,0.0,0.0,0.0,0.0,0.0,34.93420367736817,q3_mid_high,target2_seed23_random_k4
44,2,8,23,conservative_support_nelbo,support_set_nelbo_conservative,4,4,0.8268,0.8268,0.9858,0.1562253266320814,0.0,0.3455370803493946,0.0142,0.0142,0.1732,12.688486343334544,q1_low,target2_seed23_random_k8
44,2,16,23,conservative_support_nelbo,support_set_nelbo_conservative,0,4,0.5987,0.401,0.9997,0.3396629938809931,0.0,0.5635583451885829,0.0003,0.0003,0.4013,10.647356075763703,q1_low,target2_seed23_random_k16
44,2,32,23,conservative_support_nelbo,support_set_nelbo_conservative,0,4,0.7399,0.1719,0.9118,1.311056812203279,0.0,7.174046434750133,0.0882,0.0882,0.2601,7.19033537106514,q1_low,target2_seed23_random_k32
44,2,4,31,conservative_support_nelbo,support_set_nelbo_conservative,0,4,1.0,0.0,1.0,0.5217693023478115,0.5217693023478115,0.5217693023478115,0.0,0.0,0.0,15.69626438293457,q2_mid_low,target2_seed31_random_k4
44,2,8,31,conservative_support_nelbo,support_set_nelbo_conservative,4,4,0.9432,0.9432,1.0,0.012599987832471819,0.0,0.22183077169844753,0.0,0.0,0.0568,33.30356031151555,q3_mid_high,target2_seed31_random_k8
44,2,16,31,conservative_support_nelbo,support_set_nelbo_conservative,4,4,0.9294,0.9294,1.0,0.00999398677169776,0.0,0.1415578862846708,0.0,0.0,0.0706,18.205380513477326,q2_mid_low,target2_seed31_random_k16
44,2,32,31,conservative_support_nelbo,support_set_nelbo_conservative,4,0,0.9011,0.0964,0.9975,0.09883072341631842,0.0,0.09180984214803854,0.0025,0.0025,0.0989,15.532858879089355,q2_mid_low,target2_seed31_random_k32
44,3,4,17,conservative_support_nelbo,support_set_nelbo_conservative,1,0,0.9662,0.0137,0.9799,2.380895910377308,1.9894071061652863,1.9894071061652863,0.0201,0.0201,0.0338,45.07255551920228,q4_high,target3_seed17_random_k4
44,3,8,17,conservative_support_nelbo,support_set_nelbo_conservative,1,0,0.5005,0.3718,0.8723,3.2907421327643935,0.0,18.886815726405402,0.1277,0.1277,0.4995,21.269596699905396,q1_low,target3_seed17_random_k8
44,3,16,17,conservative_support_nelbo,support_set_nelbo_conservative,0,0,0.5151,0.5151,0.9914,1.0194280844174959,0.0,1.7972837542870563,0.0086,0.0086,0.4849,15.13761371192932,q1_low,target3_seed17_random_k16
44,3,32,17,conservative_support_nelbo,support_set_nelbo_conservative,0,0,0.8622,0.8622,0.9951,0.2662880260275246,0.0,1.2919745949620813,0.0049,0.0049,0.1378,13.830216973543168,q2_mid_low,target3_seed17_random_k32
44,3,4,23,conservative_support_nelbo,support_set_nelbo_conservative,0,0,0.5645,0.5645,1.0,0.7212879407217214,0.0,1.656229485009693,0.0,0.0,0.4355,30.785842064392615,q1_low,target3_seed23_random_k4
44,3,8,23,conservative_support_nelbo,support_set_nelbo_conservative,0,0,0.8280000000000001,0.828,0.9976,0.3005033693208735,0.0,1.4500599270047272,0.0024,0.0024,0.172,26.952988354301453,q2_mid_low,target3_seed23_random_k8
44,3,16,23,conservative_support_nelbo,support_set_nelbo_conservative,0,0,0.8869,0.8869,1.0,0.12850495930152225,0.0,1.1362065367066514,0.0,0.0,0.1131,28.43271993932724,q3_mid_high,target3_seed23_random_k16
44,3,32,23,conservative_support_nelbo,support_set_nelbo_conservative,0,0,0.9169,0.9169,1.0,0.07428002495357455,0.0,0.8938631161681655,0.0,0.0,0.0831,20.640641008806227,q3_mid_high,target3_seed23_random_k32
44,3,4,31,conservative_support_nelbo,support_set_nelbo_conservative,0,0,1.0,1.0,1.0,0.0,0.0,0.0,0.0,0.0,0.0,35.894286551347506,q3_mid_high,target3_seed31_random_k4
44,3,8,31,conservative_support_nelbo,support_set_nelbo_conservative,0,0,1.0,1.0,1.0,0.0,0.0,0.0,0.0,0.0,0.0,45.33909018325806,q4_high,target3_seed31_random_k8
44,3,16,31,conservative_support_nelbo,support_set_nelbo_conservative,0,0,0.6272,0.6272,1.0,0.6339667124619252,0.0,1.7005544862176105,0.0,0.0,0.3728,11.541195413589477,q1_low,target3_seed31_random_k16
44,3,32,31,conservative_support_nelbo,support_set_nelbo_conservative,1,0,0.6152,0.3848,1.0,1.292295502132866,0.0,2.1006103740781303,0.6152,0.0,0.3848,7.600886369371414,q1_low,target3_seed31_random_k32
44,4,4,17,conservative_support_nelbo,support_set_nelbo_conservative,0,0,0.34219999999999995,0.3422,0.7396,2.810001924979637,0.0,7.121516228677334,0.6578,0.2604,0.6578,13.13665394821167,q1_low,target4_seed17_random_k4
44,4,8,17,conservative_support_nelbo,support_set_nelbo_conservative,0,0,0.7536,0.7536,0.8975,0.921859165102701,0.0,6.982274410636203,0.2464,0.1025,0.2464,14.937778981819767,q3_mid_high,target4_seed17_random_k8
44,4,16,17,conservative_support_nelbo,support_set_nelbo_conservative,0,0,0.5687,0.5687,0.5777,2.3473827000010807,0.0,5.512822991734174,0.4313,0.4223,0.4313,16.50117237854004,q1_low,target4_seed17_random_k16
44,4,32,17,conservative_support_nelbo,support_set_nelbo_conservative,0,0,0.5501,0.5501,0.7586,1.9547905080346224,0.0,5.869084512789553,0.4499,0.2414,0.4499,8.010670048522949,q1_low,target4_seed17_random_k32
44,4,4,23,conservative_support_nelbo,support_set_nelbo_conservative,1,0,0.786,0.0709,0.8569,2.7456858119799588,0.0,7.051481038068294,0.9291,0.1431,0.214,11.725867253112792,q1_low,target4_seed23_random_k4
44,4,8,23,conservative_support_nelbo,support_set_nelbo_conservative,0,0,0.5608,0.5608,0.8119,1.546751023678633,0.0,5.07925005238109,0.4392,0.1881,0.4392,10.542136007631484,q2_mid_low,target4_seed23_random_k8
44,4,16,23,conservative_support_nelbo,support_set_nelbo_conservative,0,0,0.7941,0.7941,0.9495,0.6123276570963283,0.0,5.007881644597507,0.2059,0.0505,0.2059,11.21367082643509,q2_mid_low,target4_seed23_random_k16
44,4,32,23,conservative_support_nelbo,support_set_nelbo_conservative,0,0,0.7908,0.7908,0.8875,0.8444062744228182,0.0,5.440818958061115,0.2092,0.1125,0.2092,9.9453549721241,q2_mid_low,target4_seed23_random_k32
44,4,4,31,conservative_support_nelbo,support_set_nelbo_conservative,0,0,0.556,0.556,0.9815,1.109911182318858,0.0,2.3910447841293827,0.444,0.0185,0.444,7.3333581336975096,q1_low,target4_seed31_random_k4
44,4,8,31,conservative_support_nelbo,support_set_nelbo_conservative,1,0,0.956,0.0424,0.9984,2.4571641119167618,0.0,2.5618885262719355,0.9576,0.0,0.044,11.676642657125898,q1_low,target4_seed31_random_k8
44,4,16,31,conservative_support_nelbo,support_set_nelbo_conservative,0,0,0.7237,0.7237,0.9999,0.6806532307380229,0.0,2.4626399491213853,0.2763,0.0,0.2763,7.745549917984008,q1_low,target4_seed31_random_k16
44,4,32,31,conservative_support_nelbo,support_set_nelbo_conservative,0,0,0.8686,0.8686,0.9775,0.3634158759929405,0.0,2.3033561929421746,0.1314,0.0225,0.1314,10.937342934083938,q2_mid_low,target4_seed31_random_k32
