raw_tiff_path,raw_tiff_sha256,mpp_x,mpp_y,source,ome_mpp_x,ome_mpp_y,tiff_mpp_x,tiff_mpp_y,relative_anisotropy,dual_source_relative_delta,width,height,orientation,status
datasets/midogpp/raw/MIDOGpp/images/002.tiff,69ffbf39bfb9cec2d1961220904a90fa999c53aeed5e51f3b4fec5630d3ce793,0.22690727175272468,0.22690727175272468,tiff,,,0.22690727175272468,0.22690727175272468,0.0,,7215,5412,1,PASS
datasets/midogpp/raw/MIDOGpp/images/007.tiff,21d22bf0931bf1c0ee7830a9f01e0157ee70710e0ffcdf4ad214bb5a45f7b887,0.22690727175272468,0.22690727175272468,tiff,,,0.22690727175272468,0.22690727175272468,0.0,,7215,5412,1,PASS
datasets/midogpp/raw/MIDOGpp/images/008.tiff,3a01cf48ba4dbf3f2675390d71f0271b6de8f6f268afc6167720f074e748ff70,0.22686065932495555,0.22686065932495555,tiff,,,0.22686065932495555,0.22686065932495555,0.0,,7215,5412,1,PASS
datasets/midogpp/raw/MIDOGpp/images/010.tiff,cc617d1b0a1a0e34122cfe4e998e80f9f4de95a56ed7f9ad2d9385f148faa6f2,0.22632094805310524,0.22632094805310524,tiff,,,0.22632094805310524,0.22632094805310524,0.0,,7215,5412,1,PASS
datasets/midogpp/raw/MIDOGpp/images/011.tiff,5657e94a6b50c62d868c95c26172efbae765adcbefffcc8ca53a9db0f6e8922b,0.22632094805310524,0.22632094805310524,tiff,,,0.22632094805310524,0.22632094805310524,0.0,,7215,5412,1,PASS
datasets/midogpp/raw/MIDOGpp/images/013.tiff,24c83031543d04781da6939ab8288480acc77c64115357f6bbe770c83dcaeaa7,0.22632094805310524,0.22632094805310524,tiff,,,0.22632094805310524,0.22632094805310524,0.0,,7215,5412,1,PASS
datasets/midogpp/raw/MIDOGpp/images/015.tiff,6d3c835603ebf8b49ca7206d64b9422823a2494b9f4f1fd33bade075d44ad261,0.22632094805310524,0.22632094805310524,tiff,,,0.22632094805310524,0.22632094805310524,0.0,,7215,5412,1,PASS
datasets/midogpp/raw/MIDOGpp/images/023.tiff,8dc93e011b45f48157d4ef2bdca75a429f8a9b4e3d4b781a788453230bcb292b,0.22632094805310524,0.22632094805310524,tiff,,,0.22632094805310524,0.22632094805310524,0.0,,7215,5412,1,PASS
datasets/midogpp/raw/MIDOGpp/images/025.tiff,1a63a4b7390ae07db41d19cc3633b9d20da0dafad0f4e44a2fe698f714d53dad,0.22632094805310524,0.22632094805310524,tiff,,,0.22632094805310524,0.22632094805310524,0.0,,7215,5412,1,PASS
datasets/midogpp/raw/MIDOGpp/images/028.tiff,f1f10ba197c6bcd4c1b5d162e53e0487eeff5e9ecddbbe9f028ec5f041857879,0.22632094805310524,0.22632094805310524,tiff,,,0.22632094805310524,0.22632094805310524,0.0,,7215,5412,1,PASS
datasets/midogpp/raw/MIDOGpp/images/030.tiff,dd4d963e59fdfc6f676a84cdadc77f867439a39f5234f4f0c2cc5186881fdd39,0.22744367634943946,0.22744367634943946,tiff,,,0.22744367634943946,0.22744367634943946,0.0,,7215,5412,1,PASS
datasets/midogpp/raw/MIDOGpp/images/031.tiff,a0cc258043c24afcdc66b477a4767d12e31a39dd7c752f96899c2364dd7b72aa,0.22632094805310524,0.22632094805310524,tiff,,,0.22632094805310524,0.22632094805310524,0.0,,7215,5412,1,PASS
datasets/midogpp/raw/MIDOGpp/images/033.tiff,720bd9b3863a93e7a091c6283894f37c8b9bd91edcfd2c55d930a502e6287652,0.22744367634943946,0.22744367634943946,tiff,,,0.22744367634943946,0.22744367634943946,0.0,,7215,5412,1,PASS
datasets/midogpp/raw/MIDOGpp/images/034.tiff,cee4c6b26c1042c5b7694d010122052d4cad2d3913ec0e122a0b70feec9aa45e,0.22686065932495555,0.22686065932495555,tiff,,,0.22686065932495555,0.22686065932495555,0.0,,7215,5412,1,PASS
datasets/midogpp/raw/MIDOGpp/images/035.tiff,992c5b8a4a07cb2337dd76b671d86ee71f0ecb37c88a13a056788dcf7ee2d4ae,0.22690727175272468,0.22690727175272468,tiff,,,0.22690727175272468,0.22690727175272468,0.0,,7215,5412,1,PASS
datasets/midogpp/raw/MIDOGpp/images/037.tiff,3117d105952fbf6a5ed1ff562a8b82bf220433210dff8e36dda4c067971f3e11,0.22632094805310524,0.22632094805310524,tiff,,,0.22632094805310524,0.22632094805310524,0.0,,7215,5412,1,PASS
datasets/midogpp/raw/MIDOGpp/images/039.tiff,9e87b6916a31bcbd9783773c36144d9d95348092cf1f906d44a21a5e11f50e0b,0.22686065932495555,0.22686065932495555,tiff,,,0.22686065932495555,0.22686065932495555,0.0,,7215,5412,1,PASS
datasets/midogpp/raw/MIDOGpp/images/040.tiff,445fe733d4961e7b1e466019f2c1186ca503ced72f61c573f98ab8ccba9067de,0.22632094805310524,0.22632094805310524,tiff,,,0.22632094805310524,0.22632094805310524,0.0,,7215,5412,1,PASS
datasets/midogpp/raw/MIDOGpp/images/041.tiff,6f79f5eefcdb1e6efb50530503729fbcaa02557efe55dab78a21ad9e0218b653,0.22744367634943946,0.22744367634943946,tiff,,,0.22744367634943946,0.22744367634943946,0.0,,7215,5412,1,PASS
datasets/midogpp/raw/MIDOGpp/images/043.tiff,3e306e54959b4cdfa915ebfd63de52bb6f7891e03cd6298b78468e15d50baa41,0.22632094805310524,0.22632094805310524,tiff,,,0.22632094805310524,0.22632094805310524,0.0,,7215,5412,1,PASS
datasets/midogpp/raw/MIDOGpp/images/045.tiff,952ba27a9e384c830e668d1402211dd8b38bf2ee054bb23be28173db9f0f1897,0.22632094805310524,0.22632094805310524,tiff,,,0.22632094805310524,0.22632094805310524,0.0,,7215,5412,1,PASS
datasets/midogpp/raw/MIDOGpp/images/048.tiff,c3f6b643d0f25a011972ef080a027b6d19a303b772c061ff747083334d08fe3b,0.22744367634943946,0.22744367634943946,tiff,,,0.22744367634943946,0.22744367634943946,0.0,,7215,5412,1,PASS
datasets/midogpp/raw/MIDOGpp/images/053.tiff,9766829fcea7fbc1494128ab92284a29b34c7e826748615258df740fdceb9d05,0.22984761284250915,0.22986425339366515,tiff,,,0.22984761284250915,0.22986425339366515,7.239556939104625e-05,,7124,5303,1,PASS
datasets/midogpp/raw/MIDOGpp/images/056.tiff,4c0431c6609a690e2c040c5cce96d1dbd1787d195b6b07be310588d07346f8ce,0.22984761284250915,0.22986425339366515,tiff,,,0.22984761284250915,0.22986425339366515,7.239556939104625e-05,,7120,5331,1,PASS
datasets/midogpp/raw/MIDOGpp/images/061.tiff,6aef68e6d0e484340a447c333f478028dbeb11bcfd5a003dc6f597912ce1598d,0.22984761284250915,0.22986425339366515,tiff,,,0.22984761284250915,0.22986425339366515,7.239556939104625e-05,,7113,5386,1,PASS
datasets/midogpp/raw/MIDOGpp/images/064.tiff,02dd2b7754e1b2e60e9c4e3117bebe94e56471af3882313b2790f9dc05a0b947,0.22984761284250915,0.22986425339366515,tiff,,,0.22984761284250915,0.22986425339366515,7.239556939104625e-05,,7119,5289,1,PASS
datasets/midogpp/raw/MIDOGpp/images/066.tiff,0d28abf2d99e29c594cd6402266d2e920976805a758a07585ee14df58268d97d,0.22984761284250915,0.22986425339366515,tiff,,,0.22984761284250915,0.22986425339366515,7.239556939104625e-05,,7126,5342,1,PASS
datasets/midogpp/raw/MIDOGpp/images/069.tiff,348c91295a122849fda0c30c990a82b6760eed5e07236bd118cb3b73dc1025a6,0.22984761284250915,0.22986425339366515,tiff,,,0.22984761284250915,0.22986425339366515,7.239556939104625e-05,,7133,5293,1,PASS
datasets/midogpp/raw/MIDOGpp/images/070.tiff,206ec1ae1ac43099aec29702666db80b57acbf163ba57b50dd89a8daceb9270d,0.22984761284250915,0.22986425339366515,tiff,,,0.22984761284250915,0.22986425339366515,7.239556939104625e-05,,7121,5331,1,PASS
datasets/midogpp/raw/MIDOGpp/images/072.tiff,940d4bd52e7cc86e4b92086534912fc108712ec28c0e6325fad9bffd6a076b54,0.22984761284250915,0.22986425339366515,tiff,,,0.22984761284250915,0.22986425339366515,7.239556939104625e-05,,7119,5308,1,PASS
datasets/midogpp/raw/MIDOGpp/images/074.tiff,db569ea54d0147b70429f7c4edb7737b34eed2055127379989052e411b4befb0,0.22984761284250915,0.22986425339366515,tiff,,,0.22984761284250915,0.22986425339366515,7.239556939104625e-05,,7183,5331,1,PASS
datasets/midogpp/raw/MIDOGpp/images/079.tiff,185bd147d06054b4c1e4f0d55abac6fa36304f1a44a13fe0f32e35f0d8772d99,0.22984761284250915,0.22986425339366515,tiff,,,0.22984761284250915,0.22986425339366515,7.239556939104625e-05,,7106,5373,1,PASS
datasets/midogpp/raw/MIDOGpp/images/081.tiff,142bb79dd1e27d173b6640e49df53654dcea6cde18dc19775b3f87b8bb37e9fc,0.22984761284250915,0.22986425339366515,tiff,,,0.22984761284250915,0.22986425339366515,7.239556939104625e-05,,7092,5340,1,PASS
datasets/midogpp/raw/MIDOGpp/images/082.tiff,597e223f0fcb3953497eb088c95e3687ac3d075b2a4845b9ee1cf673361ee711,0.22984761284250915,0.22986425339366515,tiff,,,0.22984761284250915,0.22986425339366515,7.239556939104625e-05,,7127,5304,1,PASS
datasets/midogpp/raw/MIDOGpp/images/085.tiff,f4c33b7b164a10926c9779f751334c1ee6770bcb911b7ebd871d1a0096e3763c,0.22984761284250915,0.22986425339366515,tiff,,,0.22984761284250915,0.22986425339366515,7.239556939104625e-05,,7122,5293,1,PASS
datasets/midogpp/raw/MIDOGpp/images/086.tiff,3cd91e1c78dcb1a124fdec695307ae98d2df224531cbe55e31f8a8ea80a9f753,0.22984761284250915,0.22986425339366515,tiff,,,0.22984761284250915,0.22986425339366515,7.239556939104625e-05,,7132,5345,1,PASS
datasets/midogpp/raw/MIDOGpp/images/088.tiff,0c7d9b90431126964ce7959286438162ad7b184d0e80b4b96662ab7304e7f3a3,0.22984761284250915,0.22986425339366515,tiff,,,0.22984761284250915,0.22986425339366515,7.239556939104625e-05,,7125,5329,1,PASS
datasets/midogpp/raw/MIDOGpp/images/089.tiff,d31b02e6f0f14345b0b13abe62229d2a53fdfee0984370124b7340410c6ad129,0.22984761284250915,0.22986425339366515,tiff,,,0.22984761284250915,0.22986425339366515,7.239556939104625e-05,,7143,5294,1,PASS
datasets/midogpp/raw/MIDOGpp/images/095.tiff,a8d23246b80d90295ef5bdfb67b51b53c7cc26ec97b653f02168fc00501811b0,0.22984761284250915,0.22986425339366515,tiff,,,0.22984761284250915,0.22986425339366515,7.239556939104625e-05,,7131,5284,1,PASS
datasets/midogpp/raw/MIDOGpp/images/096.tiff,260fd0619dc7ce614722cd6b9afa125134347fbb56eb3205237ec1e4c113bd24,0.22984761284250915,0.22986425339366515,tiff,,,0.22984761284250915,0.22986425339366515,7.239556939104625e-05,,7121,5353,1,PASS
datasets/midogpp/raw/MIDOGpp/images/097.tiff,7c935a4003cb276593d9b3fc6b4de5fe3b453d1951c5179bc0cd92b07ccada46,0.22984761284250915,0.22986425339366515,tiff,,,0.22984761284250915,0.22986425339366515,7.239556939104625e-05,,7126,5334,1,PASS
datasets/midogpp/raw/MIDOGpp/images/098.tiff,957f9bf973561cdb560a2185e7d6f734634ca67c7d7c82538fed5761fc1b8fe6,0.22984761284250915,0.22986425339366515,tiff,,,0.22984761284250915,0.22986425339366515,7.239556939104625e-05,,7102,5371,1,PASS
datasets/midogpp/raw/MIDOGpp/images/104.tiff,6fe5c5881b00d313221142e3d61f96b4cca11eab8c0e95fc66e67d89e48624f7,0.2533008895448562,0.2533008895448562,tiff,,,0.2533008895448562,0.2533008895448562,0.0,,6472,4857,1,PASS
datasets/midogpp/raw/MIDOGpp/images/105.tiff,ae342de9f9d149051df59bfa0e67770c3a606eceb6f9252cafe9c0d75e34d340,0.2533008895448562,0.2533008895448562,tiff,,,0.2533008895448562,0.2533008895448562,0.0,,6460,4870,1,PASS
datasets/midogpp/raw/MIDOGpp/images/106.tiff,e732706f8d0cf7d489fc6e039eb86d635ecae571d50f72d46fa682cb8147b86d,0.2533008895448562,0.2533008895448562,tiff,,,0.2533008895448562,0.2533008895448562,0.0,,6456,4859,1,PASS
datasets/midogpp/raw/MIDOGpp/images/107.tiff,a9eb6425d7c4ef146955c25a8f1d5b3c872606bba5d989b784e162fdb27cbc84,0.2533008895448562,0.2533008895448562,tiff,,,0.2533008895448562,0.2533008895448562,0.0,,6514,4864,1,PASS
datasets/midogpp/raw/MIDOGpp/images/108.tiff,11e6ee26b540025d35777bb79d62596841b35b1783f492c991eb04701a208855,0.2533008895448562,0.2533008895448562,tiff,,,0.2533008895448562,0.2533008895448562,0.0,,6447,4893,1,PASS
datasets/midogpp/raw/MIDOGpp/images/112.tiff,b0ac5f0cbcd67c0421fe956e6212f63bf7b89140b8bc67bf2c744681f0bc5fde,0.2533008895448562,0.2533008895448562,tiff,,,0.2533008895448562,0.2533008895448562,0.0,,6446,4883,1,PASS
datasets/midogpp/raw/MIDOGpp/images/118.tiff,65b9cb90a5c9c67610ff5bb13807c1a838d5e02a2382c38fc4bef76198903979,0.2533008895448562,0.2533008895448562,tiff,,,0.2533008895448562,0.2533008895448562,0.0,,6461,4823,1,PASS
datasets/midogpp/raw/MIDOGpp/images/119.tiff,117379d950ed1d0748d127e68c3c76001c508c15dda2380192d83173938d4a56,0.2533008895448562,0.2533008895448562,tiff,,,0.2533008895448562,0.2533008895448562,0.0,,6469,4846,1,PASS
datasets/midogpp/raw/MIDOGpp/images/120.tiff,7decbbf4dfab15f5b2dd21488d40453eb539dbd334d3a095fe0e63b9abeb9b88,0.2533008895448562,0.2533008895448562,tiff,,,0.2533008895448562,0.2533008895448562,0.0,,6463,4857,1,PASS
datasets/midogpp/raw/MIDOGpp/images/125.tiff,3c1bf5fe5d6bcb6bd1cbb0c95bf98e6f20bd334fd2b3cf60811601e8ef3f2e12,0.2533008895448562,0.2533008895448562,tiff,,,0.2533008895448562,0.2533008895448562,0.0,,6525,4845,1,PASS
datasets/midogpp/raw/MIDOGpp/images/126.tiff,4e4da15ba2c8305a78192c224919885a12ce5aceb871f41a10423db3356a046b,0.2533008895448562,0.2533008895448562,tiff,,,0.2533008895448562,0.2533008895448562,0.0,,6439,4844,1,PASS
datasets/midogpp/raw/MIDOGpp/images/127.tiff,e169bea08a034362cf5d8df468814b2ad8bb02933c4c456c789557e965102527,0.2533008895448562,0.2533008895448562,tiff,,,0.2533008895448562,0.2533008895448562,0.0,,6509,4858,1,PASS
datasets/midogpp/raw/MIDOGpp/images/136.tiff,958fdb4d6244eebce4ae892519e9db1b06c284deee6b1bf806a9ea1cd91524f0,0.2533008895448562,0.2533008895448562,tiff,,,0.2533008895448562,0.2533008895448562,0.0,,6479,4836,1,PASS
datasets/midogpp/raw/MIDOGpp/images/137.tiff,d9c232326ab19b506af06587fdb91cbbf713dc3b87121519fa2f0b1132a01a73,0.2533008895448562,0.2533008895448562,tiff,,,0.2533008895448562,0.2533008895448562,0.0,,6458,4832,1,PASS
datasets/midogpp/raw/MIDOGpp/images/138.tiff,082ee8c59360f9bbcdd0e613dc1b0a6260d1da06da9e7aa81fdb9b6b323dfff0,0.2533008895448562,0.2533008895448562,tiff,,,0.2533008895448562,0.2533008895448562,0.0,,6448,4885,1,PASS
datasets/midogpp/raw/MIDOGpp/images/139.tiff,10ed383398cd5dd62e16b84c25dc92b73104f8f3a1053c43544b8b788f11bb61,0.2533008895448562,0.2533008895448562,tiff,,,0.2533008895448562,0.2533008895448562,0.0,,6467,4816,1,PASS
datasets/midogpp/raw/MIDOGpp/images/141.tiff,63c6b78a3ca15bc370f38f92b749f8bc5a3bb185ba0256ee526a841ef14c89fc,0.2533008895448562,0.2533008895448562,tiff,,,0.2533008895448562,0.2533008895448562,0.0,,6458,4827,1,PASS
datasets/midogpp/raw/MIDOGpp/images/144.tiff,69ced39093ba31ef803ee3bc2bd068c7a9de0e56ba4c8631dc2163946cfc3496,0.2533008895448562,0.2533008895448562,tiff,,,0.2533008895448562,0.2533008895448562,0.0,,6446,4889,1,PASS
datasets/midogpp/raw/MIDOGpp/images/145.tiff,5e062cd6c79e46958d6831a3063305ff4aaa99632dc9eb579582bd05a87addc9,0.2533008895448562,0.2533008895448562,tiff,,,0.2533008895448562,0.2533008895448562,0.0,,6472,4808,1,PASS
datasets/midogpp/raw/MIDOGpp/images/147.tiff,bfafa3073b75e0e16de9776bad7922bf7e5338e7d174ae44beecc5ec5c53adca,0.2533008895448562,0.2533008895448562,tiff,,,0.2533008895448562,0.2533008895448562,0.0,,6504,4866,1,PASS
datasets/midogpp/raw/MIDOGpp/images/148.tiff,8d626fd8148973d908d4f1a0bcd1a0845d9daa67168f781a36f3aabf614f042a,0.2533008895448562,0.2533008895448562,tiff,,,0.2533008895448562,0.2533008895448562,0.0,,6485,4840,1,PASS
datasets/midogpp/raw/MIDOGpp/images/149.tiff,17c7f4592ef40dce7d1fe905259951c56414c970b035b5a150f4be414dea9f69,0.2533008895448562,0.2533008895448562,tiff,,,0.2533008895448562,0.2533008895448562,0.0,,6466,4825,1,PASS
datasets/midogpp/raw/MIDOGpp/images/201.tiff,39ec84e7a52b3ed4035e51f33485bfc7bf4f5ad00eee40d6df8f4341c64f861e,0.24816562612969095,0.2491441799331038,tiff,,,0.24816562612969095,0.2491441799331038,0.0039353891336270826,,6577,4933,1,PASS
datasets/midogpp/raw/MIDOGpp/images/202.tiff,1701fc7878bb6fbf6db836b4bdd24b55b461a8a674a2a2429f58744486fb6f5a,0.24816562612969095,0.2491441799331038,tiff,,,0.24816562612969095,0.2491441799331038,0.0039353891336270826,,6577,4933,1,PASS
datasets/midogpp/raw/MIDOGpp/images/203.tiff,4d3e72208755876009ab167481dc9644ac1f9f33bd2fef3eeb91e0aa8ac69bad,0.24816562612969095,0.2491441799331038,tiff,,,0.24816562612969095,0.2491441799331038,0.0039353891336270826,,6577,4933,1,PASS
datasets/midogpp/raw/MIDOGpp/images/207.tiff,7144aa776b621530a2d8454a7f46a93280fc7435eb607877b937065bc5a3bf1a,0.24816562612969095,0.2491441799331038,tiff,,,0.24816562612969095,0.2491441799331038,0.0039353891336270826,,6577,4933,1,PASS
datasets/midogpp/raw/MIDOGpp/images/209.tiff,049b6ed853a11cad23854c8668e2600fda96c361f6b80026f39b70eca8425fd9,0.24816562612969095,0.2491441799331038,tiff,,,0.24816562612969095,0.2491441799331038,0.0039353891336270826,,6577,4933,1,PASS
datasets/midogpp/raw/MIDOGpp/images/210.tiff,0ce16933558bf9b7495efac1c5b9fc8fd6b2f78d34b2091619d01907f4c48096,0.24816562612969095,0.2491441799331038,tiff,,,0.24816562612969095,0.2491441799331038,0.0039353891336270826,,6577,4933,1,PASS
datasets/midogpp/raw/MIDOGpp/images/211.tiff,e04f85d09a24f9e0d0c6e58aaf705fc0f89ed423dc30156c3d53207f3445ba69,0.24816562612969095,0.2491441799331038,tiff,,,0.24816562612969095,0.2491441799331038,0.0039353891336270826,,6577,4933,1,PASS
datasets/midogpp/raw/MIDOGpp/images/213.tiff,5c5a42e697dc0f1f84418be6bead7ec3d0ae719a6f454db9f7299b454036a338,0.24816562612969095,0.2491441799331038,tiff,,,0.24816562612969095,0.2491441799331038,0.0039353891336270826,,6577,4933,1,PASS
datasets/midogpp/raw/MIDOGpp/images/217.tiff,0637730e528cdf1685e6d9a530c4820d2f2073e94137d85bb8fc251ba83eab60,0.24816562612969095,0.2491441799331038,tiff,,,0.24816562612969095,0.2491441799331038,0.0039353891336270826,,6577,4933,1,PASS
datasets/midogpp/raw/MIDOGpp/images/218.tiff,147b19a3a8637ac80f1307c089216eba77b97c8b951871b3c896060a6b7ea290,0.24816562612969095,0.2491441799331038,tiff,,,0.24816562612969095,0.2491441799331038,0.0039353891336270826,,6577,4933,1,PASS
datasets/midogpp/raw/MIDOGpp/images/221.tiff,effb0c76f98733ea5704a9a5cd5eb08024ce795da29e46a8c52c2c10fd0b34ac,0.24816562612969095,0.2491441799331038,tiff,,,0.24816562612969095,0.2491441799331038,0.0039353891336270826,,6577,4933,1,PASS
datasets/midogpp/raw/MIDOGpp/images/226.tiff,8f7f038a99b09d8bda9bc11ab5a3a07ed3ec9510254f2611d9980b7a4ad5ad88,0.24816562612969095,0.2491441799331038,tiff,,,0.24816562612969095,0.2491441799331038,0.0039353891336270826,,6577,4933,1,PASS
datasets/midogpp/raw/MIDOGpp/images/228.tiff,cdd9bfcbd09add305e993cb5294a6d0477c884e44bc86d1075868552d34d1bd6,0.24816562612969095,0.2491441799331038,tiff,,,0.24816562612969095,0.2491441799331038,0.0039353891336270826,,6577,4933,1,PASS
datasets/midogpp/raw/MIDOGpp/images/229.tiff,a79182bf067a36cd19b29a591ead1120784b5e85e051ce1498135a3b6d069cdb,0.24816562612969095,0.2491441799331038,tiff,,,0.24816562612969095,0.2491441799331038,0.0039353891336270826,,6577,4933,1,PASS
datasets/midogpp/raw/MIDOGpp/images/230.tiff,93f2d4ab3e79b81ca33473508f6a303bd597c4fd40b2f3849a6d43ff42f0b95d,0.24816562612969095,0.2491441799331038,tiff,,,0.24816562612969095,0.2491441799331038,0.0039353891336270826,,6577,4933,1,PASS
datasets/midogpp/raw/MIDOGpp/images/232.tiff,db78a8b5c05441f80930197ec24d3bb032bc266bf2d9f2d4c15c4a4ecab2861c,0.24816562612969095,0.2491441799331038,tiff,,,0.24816562612969095,0.2491441799331038,0.0039353891336270826,,6577,4933,1,PASS
datasets/midogpp/raw/MIDOGpp/images/234.tiff,06935421e2d51c822cceafa366d0adf7b54d69fa90691073bfe6ee8141c34268,0.24816562612969095,0.2491441799331038,tiff,,,0.24816562612969095,0.2491441799331038,0.0039353891336270826,,6577,4933,1,PASS
datasets/midogpp/raw/MIDOGpp/images/240.tiff,226413d40b8f53de7322cc2d26aa1e7fb5fb9e8120fbaa773360bf9eaa21e5da,0.24816562612969095,0.2491441799331038,tiff,,,0.24816562612969095,0.2491441799331038,0.0039353891336270826,,6577,4933,1,PASS
datasets/midogpp/raw/MIDOGpp/images/242.tiff,3184d1bcd65062b5a857dd86168a3c687b542d2dcb4239ee45eab328de0865c7,0.24816562612969095,0.2491441799331038,tiff,,,0.24816562612969095,0.2491441799331038,0.0039353891336270826,,6577,4933,1,PASS
datasets/midogpp/raw/MIDOGpp/images/243.tiff,d72fc9924ee62fc058ebb5f70b6708d8517895783ac4df64ee7ca801b2ec8f1d,0.24816562612969095,0.2491441799331038,tiff,,,0.24816562612969095,0.2491441799331038,0.0039353891336270826,,6577,4933,1,PASS
datasets/midogpp/raw/MIDOGpp/images/245.tiff,ccc6421d55ebca954117635fad7150d20bd170d8070e880fb1eeb5033d8abf0b,0.24816562612969095,0.2491441799331038,tiff,,,0.24816562612969095,0.2491441799331038,0.0039353891336270826,,6577,4933,1,PASS
datasets/midogpp/raw/MIDOGpp/images/247.tiff,c0f59e77b59bb2124a7d90d3858f89ca200dac1f92ddeecd1ba2e72fa2b35355,0.24816562612969095,0.2491441799331038,tiff,,,0.24816562612969095,0.2491441799331038,0.0039353891336270826,,6577,4933,1,PASS
datasets/midogpp/raw/MIDOGpp/images/250.tiff,4a3f17cc6107ee2a7bed8b9b53525c6344e329de0898d423f5feb93a8cfc35d6,0.24816562612969095,0.2491441799331038,tiff,,,0.24816562612969095,0.2491441799331038,0.0039353891336270826,,6577,4933,1,PASS
datasets/midogpp/raw/MIDOGpp/images/252.tiff,d44b1861257be780a15cebabe6325f09b475137913cc797e3d1f72bcab72394e,0.24816562612969095,0.2491441799331038,tiff,,,0.24816562612969095,0.2491441799331038,0.0039353891336270826,,6577,4933,1,PASS
datasets/midogpp/raw/MIDOGpp/images/253.tiff,22255a02b7fed05575d610541d06db1ab4f4fbdebd9245173db287450e622ece,0.24816562612969095,0.2491441799331038,tiff,,,0.24816562612969095,0.2491441799331038,0.0039353891336270826,,6577,4933,1,PASS
datasets/midogpp/raw/MIDOGpp/images/256.tiff,bfb198cd1a93f57ddd047ff8d2fb56a75edbcaf787f927638a2f7ff5aa552eff,0.24816562612969095,0.2491441799331038,tiff,,,0.24816562612969095,0.2491441799331038,0.0039353891336270826,,6577,4933,1,PASS
datasets/midogpp/raw/MIDOGpp/images/258.tiff,2a241f83b27fd036f73cdd5ffab5635419c64780e90a09277f4a37d6108d8083,0.24816562612969095,0.2491441799331038,tiff,,,0.24816562612969095,0.2491441799331038,0.0039353891336270826,,6577,4933,1,PASS
datasets/midogpp/raw/MIDOGpp/images/260.tiff,f2c4b4e5da8a26494cc0c2add0ee5504a555d21870f3fb4db7abf49765bdf0ed,0.24816562612969095,0.2491441799331038,tiff,,,0.24816562612969095,0.2491441799331038,0.0039353891336270826,,6577,4933,1,PASS
datasets/midogpp/raw/MIDOGpp/images/261.tiff,15c299ef40ebce7ad3eb264c0abf50e575ded9e74a3c1ae909a8d5095a84aa0d,0.24816562612969095,0.2491441799331038,tiff,,,0.24816562612969095,0.2491441799331038,0.0039353891336270826,,6577,4933,1,PASS
datasets/midogpp/raw/MIDOGpp/images/263.tiff,c271084df8fb97bc76112ab92c963b0f8802acc0fdc79993b6d82491b18d9e7c,0.24816562612969095,0.2491441799331038,tiff,,,0.24816562612969095,0.2491441799331038,0.0039353891336270826,,6577,4933,1,PASS
datasets/midogpp/raw/MIDOGpp/images/264.tiff,6da709d5824538d4eea138d994fb97847a72ab2084138ead1bac35adc6453687,0.24816562612969095,0.2491441799331038,tiff,,,0.24816562612969095,0.2491441799331038,0.0039353891336270826,,6577,4933,1,PASS
datasets/midogpp/raw/MIDOGpp/images/265.tiff,6ba4679c87e0f675ed3a17d0fe7a7f39ec2a8afbf57e31a0220226a78c16d5a4,0.24816562612969095,0.2491441799331038,tiff,,,0.24816562612969095,0.2491441799331038,0.0039353891336270826,,6577,4933,1,PASS
datasets/midogpp/raw/MIDOGpp/images/266.tiff,9228b2339b6a135f80a9168c279118b34c4eff9a0696ac0f748a4d0ecac4b4ff,0.24816562612969095,0.2491441799331038,tiff,,,0.24816562612969095,0.2491441799331038,0.0039353891336270826,,6577,4933,1,PASS
datasets/midogpp/raw/MIDOGpp/images/267.tiff,e91bc8a345aefcdc9d2a01b80b84f915da5bca6f935d64f41c2c6ceda824abae,0.24816562612969095,0.2491441799331038,tiff,,,0.24816562612969095,0.2491441799331038,0.0039353891336270826,,6577,4933,1,PASS
datasets/midogpp/raw/MIDOGpp/images/268.tiff,5df95ec916ae822d779289f08d11285dca2b7458725daa3d5b6acf7a0a38bc55,0.24816562612969095,0.2491441799331038,tiff,,,0.24816562612969095,0.2491441799331038,0.0039353891336270826,,6577,4933,1,PASS
datasets/midogpp/raw/MIDOGpp/images/272.tiff,4dcace63c54fedfc0843dc241a6112883cdde8887ad66deefac596db6edeec8e,0.24816562612969095,0.2491441799331038,tiff,,,0.24816562612969095,0.2491441799331038,0.0039353891336270826,,6577,4933,1,PASS
datasets/midogpp/raw/MIDOGpp/images/277.tiff,404d8793e98d8c8688532ef79eda07f536796b6591231676c7541ec3bd531242,0.24816562612969095,0.2491441799331038,tiff,,,0.24816562612969095,0.2491441799331038,0.0039353891336270826,,6577,4933,1,PASS
datasets/midogpp/raw/MIDOGpp/images/278.tiff,443c568ba353fbc68fd0fbde17d4ffbaca0504a4237320f4cdb2c20c9df025c6,0.24816562612969095,0.2491441799331038,tiff,,,0.24816562612969095,0.2491441799331038,0.0039353891336270826,,6577,4933,1,PASS
datasets/midogpp/raw/MIDOGpp/images/284.tiff,77a7d344a4e6df587bebd56df17b0fe306d8425ab20023683e8735323e128c56,0.24816562612969095,0.2491441799331038,tiff,,,0.24816562612969095,0.2491441799331038,0.0039353891336270826,,6577,4933,1,PASS
datasets/midogpp/raw/MIDOGpp/images/289.tiff,58c229c025d81fa2d88200ea097fd35ef7797d509fb4c4148966d774fe80e73e,0.24816562612969095,0.2491441799331038,tiff,,,0.24816562612969095,0.2491441799331038,0.0039353891336270826,,6577,4933,1,PASS
datasets/midogpp/raw/MIDOGpp/images/292.tiff,1c7776a70dbd0cf98cc11bc26a77de25d79de3859c5c6455c25f4ecd862da648,0.24816562612969095,0.2491441799331038,tiff,,,0.24816562612969095,0.2491441799331038,0.0039353891336270826,,6577,4933,1,PASS
datasets/midogpp/raw/MIDOGpp/images/294.tiff,827b0d8ce1e4413fa2faa555a33fb006cf6aa90f72fb8c266aad773774fd8641,0.24816562612969095,0.2491441799331038,tiff,,,0.24816562612969095,0.2491441799331038,0.0039353891336270826,,6577,4933,1,PASS
datasets/midogpp/raw/MIDOGpp/images/295.tiff,28301bec46a8d977f4ee8b2f737e7192dfb25c2fe8507917fa9fb996ef948ae4,0.24816562612969095,0.2491441799331038,tiff,,,0.24816562612969095,0.2491441799331038,0.0039353891336270826,,6577,4933,1,PASS
datasets/midogpp/raw/MIDOGpp/images/297.tiff,fcbbc9c2e5c0500c0331c1f5688f2715001f0e1e3c4abb08c52a92079fb8629e,0.24816562612969095,0.2491441799331038,tiff,,,0.24816562612969095,0.2491441799331038,0.0039353891336270826,,6577,4933,1,PASS
datasets/midogpp/raw/MIDOGpp/images/299.tiff,f4af571aae420ad32c87f6bc93a4caf727f951c6e552cce207eab6698e6c2bc9,0.24816562612969095,0.2491441799331038,tiff,,,0.24816562612969095,0.2491441799331038,0.0039353891336270826,,6577,4933,1,PASS
datasets/midogpp/raw/MIDOGpp/images/304.tiff,c460805c72d7db328206131e2ced1c30a263ca0c1c0d9cc5cd35088efeccfe0d,0.2533008895448562,0.2533008895448562,tiff,,,0.2533008895448562,0.2533008895448562,0.0,,6447,4835,1,PASS
datasets/midogpp/raw/MIDOGpp/images/305.tiff,04de07eab4660636f565124c1b19203705d30a8635d0f19a61b17f538ab40f56,0.2533008895448562,0.2533008895448562,tiff,,,0.2533008895448562,0.2533008895448562,0.0,,6447,4835,1,PASS
datasets/midogpp/raw/MIDOGpp/images/307.tiff,94bd54ed7376ceae0aa4b2c5bc7d798e802c47e5f40c47603de6086ff7eb4c50,0.2533008895448562,0.2533008895448562,tiff,,,0.2533008895448562,0.2533008895448562,0.0,,6447,4835,1,PASS
datasets/midogpp/raw/MIDOGpp/images/309.tiff,2835ecc4026351d7e6e0cac892e46c47a186b408cef79a52918ea5eafde89b81,0.2533008895448562,0.2533008895448562,tiff,,,0.2533008895448562,0.2533008895448562,0.0,,6447,4835,1,PASS
datasets/midogpp/raw/MIDOGpp/images/317.tiff,0133d14ebaf57838a63c084b91c96a3dd00f0b98fea3ba8039f32fb6b5bce654,0.2533008895448562,0.2533008895448562,tiff,,,0.2533008895448562,0.2533008895448562,0.0,,6447,4835,1,PASS
datasets/midogpp/raw/MIDOGpp/images/320.tiff,d28ba60480bda0329999eab16d8468d68b1050fcfea68309e534f290613191bf,0.2533008895448562,0.2533008895448562,tiff,,,0.2533008895448562,0.2533008895448562,0.0,,6447,4835,1,PASS
datasets/midogpp/raw/MIDOGpp/images/321.tiff,cf165f71e854b577dd6eae800845cc09cb93ac89403bbf58ba77790bd55eaa92,0.2533008895448562,0.2533008895448562,tiff,,,0.2533008895448562,0.2533008895448562,0.0,,6447,4835,1,PASS
datasets/midogpp/raw/MIDOGpp/images/323.tiff,91ff9986c0ca913b9fcb4b8bbeca811da7fcf5a59e31e9cd8fb8c35ac25d798c,0.2533008895448562,0.2533008895448562,tiff,,,0.2533008895448562,0.2533008895448562,0.0,,6447,4835,1,PASS
datasets/midogpp/raw/MIDOGpp/images/324.tiff,1b2419091a29ff1dcbac16b05873c31a056c767ae93474016d1aabc06b84e1b4,0.2533008895448562,0.2533008895448562,tiff,,,0.2533008895448562,0.2533008895448562,0.0,,6447,4835,1,PASS
datasets/midogpp/raw/MIDOGpp/images/327.tiff,ff5972eb9abb6b0b2b84a793d3f46be4825fcd60e1e7dac872d241aabae5f6f3,0.2533008895448562,0.2533008895448562,tiff,,,0.2533008895448562,0.2533008895448562,0.0,,6447,4835,1,PASS
datasets/midogpp/raw/MIDOGpp/images/328.tiff,4933991773c56bac92ae58680ca4c6ee97e30152f6c1d3d311c20acf43f7da75,0.2533008895448562,0.2533008895448562,tiff,,,0.2533008895448562,0.2533008895448562,0.0,,6447,4835,1,PASS
datasets/midogpp/raw/MIDOGpp/images/330.tiff,061ae4fe907833f233053eaac3dac28378338324b1d329ca5becebb725de3e84,0.2533008895448562,0.2533008895448562,tiff,,,0.2533008895448562,0.2533008895448562,0.0,,6447,4835,1,PASS
datasets/midogpp/raw/MIDOGpp/images/331.tiff,f6a07a34fbf74af1f65cc4e45cfa5ca97882ce3bd8d8679bd734888644787e1c,0.2533008895448562,0.2533008895448562,tiff,,,0.2533008895448562,0.2533008895448562,0.0,,6447,4835,1,PASS
datasets/midogpp/raw/MIDOGpp/images/332.tiff,1f103a7577883865cab04541ea1dffc21af08cbdc25d28c2380c2218f7ed5b64,0.2533008895448562,0.2533008895448562,tiff,,,0.2533008895448562,0.2533008895448562,0.0,,6447,4835,1,PASS
datasets/midogpp/raw/MIDOGpp/images/337.tiff,b9d99b487c3002eda70308f61bf3fd621b9f0360c65aee9e8dc2f1facd8c21f1,0.2533008895448562,0.2533008895448562,tiff,,,0.2533008895448562,0.2533008895448562,0.0,,6447,4835,1,PASS
datasets/midogpp/raw/MIDOGpp/images/339.tiff,396415f2dcdc904c608a492ced697f18ac3ba1998c4dad10ee1005f411a527d7,0.2533008895448562,0.2533008895448562,tiff,,,0.2533008895448562,0.2533008895448562,0.0,,6447,4835,1,PASS
datasets/midogpp/raw/MIDOGpp/images/340.tiff,c28770dacbf2045c429e53da1b3a68abc60737eb27bb8da9ef4f03b29660cefc,0.2533008895448562,0.2533008895448562,tiff,,,0.2533008895448562,0.2533008895448562,0.0,,6447,4835,1,PASS
datasets/midogpp/raw/MIDOGpp/images/345.tiff,6ba3b441daa5011198b8883e375301b49f063776c1c008bece375f6f659f0854,0.2533008895448562,0.2533008895448562,tiff,,,0.2533008895448562,0.2533008895448562,0.0,,6447,4835,1,PASS
datasets/midogpp/raw/MIDOGpp/images/346.tiff,2bc332156d5476b1f65915dce6984a95c440e03d827472555f5a2b4abd606e41,0.2533008895448562,0.2533008895448562,tiff,,,0.2533008895448562,0.2533008895448562,0.0,,6447,4835,1,PASS
datasets/midogpp/raw/MIDOGpp/images/347.tiff,6353eabb7bf4d4468a8bf6eda323f8898301d2900472574bd946e095b4be25fe,0.2533008895448562,0.2533008895448562,tiff,,,0.2533008895448562,0.2533008895448562,0.0,,6447,4835,1,PASS
datasets/midogpp/raw/MIDOGpp/images/348.tiff,96330ae92590266388ec5f3d905cf00f40dc9cd964a726830940408aa9e35857,0.2533008895448562,0.2533008895448562,tiff,,,0.2533008895448562,0.2533008895448562,0.0,,6447,4835,1,PASS
datasets/midogpp/raw/MIDOGpp/images/349.tiff,7e97aebc63ff98f5237438ee2e7e717bc7e1df3e5bd67ede297485bcd272f888,0.2533008895448562,0.2533008895448562,tiff,,,0.2533008895448562,0.2533008895448562,0.0,,6447,4835,1,PASS
datasets/midogpp/raw/MIDOGpp/images/350.tiff,bf2a1b5ea146dd82b615a68caa6a0b5c43de482445b55cbf96f4b09d6fc3a109,0.2274375665971221,0.22744367634943946,tiff,,,0.2274375665971221,0.22744367634943946,2.6863065523540204e-05,,7215,5412,1,PASS
datasets/midogpp/raw/MIDOGpp/images/351.tiff,e38bd5c7b62f4f77b1e9b08e71a9a0a07c6e8919bbfa3054199b8c06923cc4ca,0.22744367634943946,0.22744367634943946,tiff,,,0.22744367634943946,0.22744367634943946,0.0,,7215,5412,1,PASS
datasets/midogpp/raw/MIDOGpp/images/352.tiff,b57ccf4b00bf55d8db4e7057926103f173b5e4f6a2c69c73d9eade5e5aea00a9,0.22632094805310524,0.22632094805310524,tiff,,,0.22632094805310524,0.22632094805310524,0.0,,7215,5412,1,PASS
datasets/midogpp/raw/MIDOGpp/images/353.tiff,e1d73bb40db72c7c0fbfdaa796c73f1289bde7e1baf6be0ae24f433560540f06,0.22744367634943946,0.22744367634943946,tiff,,,0.22744367634943946,0.22744367634943946,0.0,,7215,5412,1,PASS
datasets/midogpp/raw/MIDOGpp/images/357.tiff,82834c02edb6de658e2384ebf6a43acfbb5f053d48e22229fa78f71991f45e1e,0.22632094805310524,0.22632094805310524,tiff,,,0.22632094805310524,0.22632094805310524,0.0,,7215,5412,1,PASS
datasets/midogpp/raw/MIDOGpp/images/358.tiff,682e8d2e2f86a9eadd792a03c6b39f371a99e0f42b8fb6518bdb52d55a32e988,0.22632094805310524,0.22632094805310524,tiff,,,0.22632094805310524,0.22632094805310524,0.0,,7215,5412,1,PASS
datasets/midogpp/raw/MIDOGpp/images/361.tiff,c5a7a1da073364f8604be335c1730e45c536f4d6084a4356052717bf711cbfa7,0.22744367634943946,0.22744367634943946,tiff,,,0.22744367634943946,0.22744367634943946,0.0,,7215,5412,1,PASS
datasets/midogpp/raw/MIDOGpp/images/362.tiff,631c9ec19560f4ace4aa647ba80b6d6107f12a18f821e1eba7b30f856440a61b,0.2263169149618647,0.22632094805310524,tiff,,,0.2263169149618647,0.22632094805310524,1.7820388306296614e-05,,7215,5412,1,PASS
datasets/midogpp/raw/MIDOGpp/images/364.tiff,9a3d65e0dfc6b97a1be4abdaff90d07165fe26b8f89ba1e56ac0d0728303f517,0.22632094805310524,0.22632094805310524,tiff,,,0.22632094805310524,0.22632094805310524,0.0,,7215,5412,1,PASS
datasets/midogpp/raw/MIDOGpp/images/366.tiff,661e122c95a5d7eed8ba7a54eeb16669ae4a207fbcd97bf94baf531ffe9f6a7a,0.22744367634943946,0.22744367634943946,tiff,,,0.22744367634943946,0.22744367634943946,0.0,,7215,5412,1,PASS
datasets/midogpp/raw/MIDOGpp/images/367.tiff,937cd42b3c56b2a813e59a6761ff43cf80dc75ccab20b62e5cb49367cafef617,0.22632094805310524,0.22632094805310524,tiff,,,0.22632094805310524,0.22632094805310524,0.0,,7215,5412,1,PASS
datasets/midogpp/raw/MIDOGpp/images/369.tiff,a6c4ad459ec642255f82862f5475afa3aba60a52c636ce64b2d20465b9f99eec,0.22744367634943946,0.22744367634943946,tiff,,,0.22744367634943946,0.22744367634943946,0.0,,7215,5412,1,PASS
datasets/midogpp/raw/MIDOGpp/images/371.tiff,e5108cfe7369cd54c050af616711447c0de88856457f056b63dd0fd02332087e,0.2268343216403515,0.2268343216403515,tiff,,,0.2268343216403515,0.2268343216403515,0.0,,7215,5412,1,PASS
datasets/midogpp/raw/MIDOGpp/images/372.tiff,6c1bbe2db85226cbab10cb6777d81bb4a416b0aacf32635542c7760ca6adda03,0.22686065932495555,0.22686065932495555,tiff,,,0.22686065932495555,0.22686065932495555,0.0,,7215,5412,1,PASS
datasets/midogpp/raw/MIDOGpp/images/376.tiff,56f24a987b26daa1493366643093d683c77b244c5d9c9c4d306207e8201e1dec,0.22686065932495555,0.22686065932495555,tiff,,,0.22686065932495555,0.22686065932495555,0.0,,7215,5412,1,PASS
datasets/midogpp/raw/MIDOGpp/images/381.tiff,d19477fb74e36f1237f335117d3605e2e64e338b7fa2fed2a6a11534a3ef6e35,0.22632094805310524,0.22632094805310524,tiff,,,0.22632094805310524,0.22632094805310524,0.0,,7215,5412,1,PASS
datasets/midogpp/raw/MIDOGpp/images/384.tiff,5285a36a16d3766137fb5d126206b82caec402c75b7a8fead4899630b229db12,0.22710203497728979,0.22710203497728979,tiff,,,0.22710203497728979,0.22710203497728979,0.0,,7215,5412,1,PASS
datasets/midogpp/raw/MIDOGpp/images/386.tiff,2e07837210734087815c90603a64d351dd28cca2014c642061f0d5a2c501127e,0.22632094805310524,0.22632094805310524,tiff,,,0.22632094805310524,0.22632094805310524,0.0,,7215,5412,1,PASS
datasets/midogpp/raw/MIDOGpp/images/388.tiff,b86eb09c4dc06b62a163ee5b716d3947cdff05762a38fea9256646ffc8bef699,0.22632094805310524,0.22632094805310524,tiff,,,0.22632094805310524,0.22632094805310524,0.0,,7215,5412,1,PASS
datasets/midogpp/raw/MIDOGpp/images/389.tiff,886a34872c5c1bea02fef6b846a928f7416f4ed9e34e9325737a1c222434c323,0.22634716665032928,0.22634716665032928,tiff,,,0.22634716665032928,0.22634716665032928,0.0,,7215,5412,1,PASS
datasets/midogpp/raw/MIDOGpp/images/391.tiff,aaa57bcddb328339b448f998c209f256a6c9a3db238d441e2be9043a974b4fb4,0.22632094805310524,0.22632094805310524,tiff,,,0.22632094805310524,0.22632094805310524,0.0,,7215,5412,1,PASS
datasets/midogpp/raw/MIDOGpp/images/394.tiff,6a1b432a14d23820d16ab0206145c92136a0aa31666503febe99b414ebd24170,0.2268343216403515,0.2268343216403515,tiff,,,0.2268343216403515,0.2268343216403515,0.0,,7215,5412,1,PASS
datasets/midogpp/raw/MIDOGpp/images/395.tiff,565f51403e2835cf08874f40af9c1a5ff2a7934af3abe2e522f6897d442702de,0.22686065932495555,0.22686065932495555,tiff,,,0.22686065932495555,0.22686065932495555,0.0,,7215,5412,1,PASS
datasets/midogpp/raw/MIDOGpp/images/396.tiff,7ec1b2c56206dad959aa08f2ae5111f84cb4b83bc2dc8533f1275f87ec03d168,0.22632094805310524,0.22632094805310524,tiff,,,0.22632094805310524,0.22632094805310524,0.0,,7215,5412,1,PASS
datasets/midogpp/raw/MIDOGpp/images/397.tiff,d0aec03dbc270e21d96a7b1ebf5bd220447b9da14e59da4dce5b24637f4cae95,0.2268343216403515,0.2268343216403515,tiff,,,0.2268343216403515,0.2268343216403515,0.0,,7215,5412,1,PASS
datasets/midogpp/raw/MIDOGpp/images/405.tiff,d82e09371a8e7fe091624b2147d584f49593a7d394a3978aec31ef7b8a1a1fd6,0.24816562612969095,0.2491441799331038,tiff,,,0.24816562612969095,0.2491441799331038,0.0039353891336270826,,6577,4933,1,PASS
datasets/midogpp/raw/MIDOGpp/images/406.tiff,553adda1a4e77110254572a6ad0c583f978cf7ffad41d741efa8e5b00cf5d754,0.24816562612969095,0.2491441799331038,tiff,,,0.24816562612969095,0.2491441799331038,0.0039353891336270826,,6577,4933,1,PASS
datasets/midogpp/raw/MIDOGpp/images/407.tiff,d6dee2b7f5ce5b542de8096ce6e3819381f1e6d4efa320180da67340c67dfdef,0.24816562612969095,0.2491441799331038,tiff,,,0.24816562612969095,0.2491441799331038,0.0039353891336270826,,6577,4933,1,PASS
datasets/midogpp/raw/MIDOGpp/images/408.tiff,64406025c9331c187bc7c4f5c162c3f4804271e9f574dc364831a79cdcd4b386,0.24816562612969095,0.2491441799331038,tiff,,,0.24816562612969095,0.2491441799331038,0.0039353891336270826,,6577,4933,1,PASS
datasets/midogpp/raw/MIDOGpp/images/412.tiff,7efa82d9a20dbbbdb6e62e42efdf999d7eb956a0ed05307f736a8efa8038d555,0.24816562612969095,0.2491441799331038,tiff,,,0.24816562612969095,0.2491441799331038,0.0039353891336270826,,6577,4933,1,PASS
datasets/midogpp/raw/MIDOGpp/images/417.tiff,cb11e724031453e623fe47efa7ea56dcd4e8a041229b7096639e424dde91f55f,0.24816562612969095,0.2491441799331038,tiff,,,0.24816562612969095,0.2491441799331038,0.0039353891336270826,,6577,4933,1,PASS
datasets/midogpp/raw/MIDOGpp/images/419.tiff,bbe1b72928a7c177a893e76511bdd9bdd99334b912285328e40dbc706ca0b8a4,0.24816562612969095,0.2491441799331038,tiff,,,0.24816562612969095,0.2491441799331038,0.0039353891336270826,,6577,4933,1,PASS
datasets/midogpp/raw/MIDOGpp/images/425.tiff,5b9fb4311e11b7cf3699c02678ad03c5bdc1a91ce0ade74703dba6781e572b81,0.24816562612969095,0.2491441799331038,tiff,,,0.24816562612969095,0.2491441799331038,0.0039353891336270826,,6577,4933,1,PASS
datasets/midogpp/raw/MIDOGpp/images/431.tiff,65170cac8a23e294f315ca08f8c78d3f8dee8a03cb593c29f5dd1a6d8ca49b01,0.24816562612969095,0.2491441799331038,tiff,,,0.24816562612969095,0.2491441799331038,0.0039353891336270826,,6577,4933,1,PASS
datasets/midogpp/raw/MIDOGpp/images/432.tiff,1d1814895fd8f3ddf193584e78d5dd4abefe0c17566670f2c8b49e6f9bd29e5c,0.24816562612969095,0.2491441799331038,tiff,,,0.24816562612969095,0.2491441799331038,0.0039353891336270826,,6577,4933,1,PASS
datasets/midogpp/raw/MIDOGpp/images/433.tiff,46c2b26462d7a1c875be823673e2d0ba5018db8ba647d0b8c3b3bfcd4300f1a0,0.24816562612969095,0.2491441799331038,tiff,,,0.24816562612969095,0.2491441799331038,0.0039353891336270826,,6577,4933,1,PASS
datasets/midogpp/raw/MIDOGpp/images/437.tiff,1a1b798e49291bca94f5f5378f5142dd6f8de1dc64b7863d07cf4e35fd5c03e0,0.24816562612969095,0.2491441799331038,tiff,,,0.24816562612969095,0.2491441799331038,0.0039353891336270826,,6577,4933,1,PASS
datasets/midogpp/raw/MIDOGpp/images/438.tiff,5f51c94e079fe14b29fddde72232bc13cd3f2811ccb1684b7a3aaa688b1d2fdb,0.24816562612969095,0.2491441799331038,tiff,,,0.24816562612969095,0.2491441799331038,0.0039353891336270826,,6577,4933,1,PASS
datasets/midogpp/raw/MIDOGpp/images/443.tiff,cf421f84c7809c07883cc799a413a28ad3be0ac229a1f86068306daf95d3f3c7,0.24816562612969095,0.2491441799331038,tiff,,,0.24816562612969095,0.2491441799331038,0.0039353891336270826,,6577,4933,1,PASS
datasets/midogpp/raw/MIDOGpp/images/444.tiff,1edf1c6e4f99253829fe96a6724229fd62947f8ab40cca52602b40207121fd68,0.24816562612969095,0.2491441799331038,tiff,,,0.24816562612969095,0.2491441799331038,0.0039353891336270826,,6577,4933,1,PASS
datasets/midogpp/raw/MIDOGpp/images/446.tiff,9c1078578b23c6a5391b60ea805253eee55abf770da3753c3c08b6a9d8c44816,0.24816562612969095,0.2491441799331038,tiff,,,0.24816562612969095,0.2491441799331038,0.0039353891336270826,,6577,4933,1,PASS
datasets/midogpp/raw/MIDOGpp/images/447.tiff,a800eb6538b9422f1ad6de1fae709980a8dad44e5889fa4b13ab51feb7f92cee,0.24816562612969095,0.2491441799331038,tiff,,,0.24816562612969095,0.2491441799331038,0.0039353891336270826,,6577,4933,1,PASS
datasets/midogpp/raw/MIDOGpp/images/448.tiff,ec6ef94ca488bb50d4d7a3bd9c4e6d6707fcdc1bf58d1646e995431dd00a301d,0.24816562612969095,0.2491441799331038,tiff,,,0.24816562612969095,0.2491441799331038,0.0039353891336270826,,6577,4933,1,PASS
datasets/midogpp/raw/MIDOGpp/images/450.tiff,048b23fee1870bed74620ac8c591f4d008e65895be8e5e2dd137b7296ccfc23f,0.24816562612969095,0.2491441799331038,tiff,,,0.24816562612969095,0.2491441799331038,0.0039353891336270826,,6577,4933,1,PASS
datasets/midogpp/raw/MIDOGpp/images/451.tiff,a0c99c7cceca79c234f765c9fe35af88ba5773f7a96d3065449b6471d4530b3c,0.24816562612969095,0.2491441799331038,tiff,,,0.24816562612969095,0.2491441799331038,0.0039353891336270826,,6577,4933,1,PASS
datasets/midogpp/raw/MIDOGpp/images/454.tiff,b8327e9062c1aaa4677b41377f02321a363d8be023bc07527681909400188f8b,0.24816562612969095,0.2491441799331038,tiff,,,0.24816562612969095,0.2491441799331038,0.0039353891336270826,,6577,4933,1,PASS
datasets/midogpp/raw/MIDOGpp/images/455.tiff,c6b9abd288d64b122504570baa1ed6ced5efa8efe5507b16073dfaca62834feb,0.24816562612969095,0.2491441799331038,tiff,,,0.24816562612969095,0.2491441799331038,0.0039353891336270826,,6577,4933,1,PASS
datasets/midogpp/raw/MIDOGpp/images/461.tiff,55293f9d3c929fad7def59723acd37050f53f23f3524754d6e2f4f9288a06e95,0.24816562612969095,0.2491441799331038,tiff,,,0.24816562612969095,0.2491441799331038,0.0039353891336270826,,6577,4933,1,PASS
datasets/midogpp/raw/MIDOGpp/images/463.tiff,8c616272e67b335b9c6e5d078e0f6001a7459b0ce1e8d9a00579917e92e88b96,0.24816562612969095,0.2491441799331038,tiff,,,0.24816562612969095,0.2491441799331038,0.0039353891336270826,,6577,4933,1,PASS
datasets/midogpp/raw/MIDOGpp/images/465.tiff,141d3696270f818fed06abc5861fd8abe5b91d8ff9ac5a5c0ababf5e23ccdf38,0.24816562612969095,0.2491441799331038,tiff,,,0.24816562612969095,0.2491441799331038,0.0039353891336270826,,6577,4933,1,PASS
datasets/midogpp/raw/MIDOGpp/images/467.tiff,7f6aec4b11e91ba65a3f8ac92753e306cd93f24a95f6b57f8ac12682a0a07cd2,0.24816562612969095,0.2491441799331038,tiff,,,0.24816562612969095,0.2491441799331038,0.0039353891336270826,,6577,4933,1,PASS
datasets/midogpp/raw/MIDOGpp/images/468.tiff,7877c9d660fe74b6d15df968b8f53e336ae708ae840a2adf226251935ff5863f,0.24816562612969095,0.2491441799331038,tiff,,,0.24816562612969095,0.2491441799331038,0.0039353891336270826,,6577,4933,1,PASS
datasets/midogpp/raw/MIDOGpp/images/469.tiff,20c7f4bd202129b7b967b53b19b2038ae483db57ae4129439179c5507d34e25b,0.24816562612969095,0.2491441799331038,tiff,,,0.24816562612969095,0.2491441799331038,0.0039353891336270826,,6577,4933,1,PASS
datasets/midogpp/raw/MIDOGpp/images/470.tiff,36ee43942a96e92195d4e170eff6696169dce87872188bcf1f40985554b15faa,0.24816562612969095,0.2491441799331038,tiff,,,0.24816562612969095,0.2491441799331038,0.0039353891336270826,,6577,4933,1,PASS
datasets/midogpp/raw/MIDOGpp/images/473.tiff,32e0760c649f2b515f9487ee9ba0bf03bc0cce6b6a3a27d4689593fb2afd7354,0.24816562612969095,0.2491441799331038,tiff,,,0.24816562612969095,0.2491441799331038,0.0039353891336270826,,6577,4933,1,PASS
datasets/midogpp/raw/MIDOGpp/images/474.tiff,422b43923da32b705e6caf006fdde01373505bfbbf6d6b200ba4455bee9eb1b4,0.24816562612969095,0.2491441799331038,tiff,,,0.24816562612969095,0.2491441799331038,0.0039353891336270826,,6577,4933,1,PASS
datasets/midogpp/raw/MIDOGpp/images/475.tiff,f932ec08ee38887463178234474becbfb69a9422bcb9047a0105232128f26426,0.24816562612969095,0.2491441799331038,tiff,,,0.24816562612969095,0.2491441799331038,0.0039353891336270826,,6577,4933,1,PASS
datasets/midogpp/raw/MIDOGpp/images/477.tiff,af4c64abebc5ea19ec61ed6efccd92d870c1e379524ac0665de8e9c9335d73b5,0.24816562612969095,0.2491441799331038,tiff,,,0.24816562612969095,0.2491441799331038,0.0039353891336270826,,6577,4933,1,PASS
datasets/midogpp/raw/MIDOGpp/images/478.tiff,a45a5471297b2a1205563354854c34fc7ed32cfa9d59d99ba60f3423b3c6d041,0.24816562612969095,0.2491441799331038,tiff,,,0.24816562612969095,0.2491441799331038,0.0039353891336270826,,6577,4933,1,PASS
datasets/midogpp/raw/MIDOGpp/images/480.tiff,2a41ef092a29ab7fa1f3311257f975c9033a684bdf33aa5e808bebd57bf9925a,0.24816562612969095,0.2491441799331038,tiff,,,0.24816562612969095,0.2491441799331038,0.0039353891336270826,,6577,4933,1,PASS
datasets/midogpp/raw/MIDOGpp/images/484.tiff,5c219eed77d4edad6aeca2a1b447ff1c67fcce2d9a0c7cd15a493ecc7d5cf2dc,0.24816562612969095,0.2491441799331038,tiff,,,0.24816562612969095,0.2491441799331038,0.0039353891336270826,,6577,4933,1,PASS
datasets/midogpp/raw/MIDOGpp/images/485.tiff,ba74bbf3b14ef10bf6a3fc8c48ab6e2981504c4c8dc3fb0402576b398c031583,0.24816562612969095,0.2491441799331038,tiff,,,0.24816562612969095,0.2491441799331038,0.0039353891336270826,,6577,4933,1,PASS
datasets/midogpp/raw/MIDOGpp/images/487.tiff,7c8bf7aab5129547780e45b0049d3b8a4e0e95a153c553ce45a1f95c9f46ec4c,0.24816562612969095,0.2491441799331038,tiff,,,0.24816562612969095,0.2491441799331038,0.0039353891336270826,,6577,4933,1,PASS
datasets/midogpp/raw/MIDOGpp/images/506.tiff,0c9c873c8c3c0b61d66a8ede90a3f1655e78f18f819c61262dec10e08db9793a,0.22744294261267478,0.22744294261267478,tiff,,,0.22744294261267478,0.22744294261267478,0.0,,7215,5412,1,PASS
datasets/midogpp/raw/MIDOGpp/images/509.tiff,df01e29c63abb74a2ccc2649eb3faa24e5fa92c519ee15da401ff3bd093841a2,0.2269051038257091,0.2269051038257091,tiff,,,0.2269051038257091,0.2269051038257091,0.0,,7215,5412,1,PASS
datasets/midogpp/raw/MIDOGpp/images/510.tiff,38b656520b7c2ad442900e9a2aa87ea038d3e9e5dc5ce625dd95a60422f57790,0.2269051038257091,0.2269051038257091,tiff,,,0.2269051038257091,0.2269051038257091,0.0,,7215,5412,1,PASS
datasets/midogpp/raw/MIDOGpp/images/511.tiff,7eda11d2b28575ecf4709169626ac7d848800e5432d5196befcfffeb859e814b,0.2263206989100018,0.2263206989100018,tiff,,,0.2263206989100018,0.2263206989100018,0.0,,7215,5412,1,PASS
datasets/midogpp/raw/MIDOGpp/images/515.tiff,569265d838efde83978cdd59d6d3a9288925dc851ee54ceb5571667c549fe3e7,0.2263206989100018,0.2263206989100018,tiff,,,0.2263206989100018,0.2263206989100018,0.0,,7215,5412,1,PASS
datasets/midogpp/raw/MIDOGpp/images/516.tiff,5d90f620a475e0ff9213f75b25024f5d8ba3888e945bac2282c518b6f45faf42,0.22688880568064954,0.2269051038257091,tiff,,,0.22688880568064954,0.2269051038257091,7.183060291533073e-05,,7215,5412,1,PASS
datasets/midogpp/raw/MIDOGpp/images/519.tiff,ef9b3bcf223e399116711085ef8912668925da7bde2743ccb66c0d0e7834a567,0.22685853769696748,0.22685853769696748,tiff,,,0.22685853769696748,0.22685853769696748,0.0,,7215,5412,1,PASS
datasets/midogpp/raw/MIDOGpp/images/520.tiff,feac7197bd578a0efb15acf0e9b67bdfeacea01b2d5cc9adc86102f15bbbaca5,0.2263206989100018,0.2263206989100018,tiff,,,0.2263206989100018,0.2263206989100018,0.0,,7215,5412,1,PASS
datasets/midogpp/raw/MIDOGpp/images/521.tiff,db1a069f77cb88122e86a2abb8e2c3af9dd9c1e42cce5d8486bbaa859829cf88,0.22685853769696748,0.22685853769696748,tiff,,,0.22685853769696748,0.22685853769696748,0.0,,7215,5412,1,PASS
datasets/midogpp/raw/MIDOGpp/images/522.tiff,5ae91bdc70213a7b69d67a869a507bc9fb68a1fa5176ed9c8f133b7420479b38,0.2263206989100018,0.2263206989100018,tiff,,,0.2263206989100018,0.2263206989100018,0.0,,7215,5412,1,PASS
datasets/midogpp/raw/MIDOGpp/images/523.tiff,a864cab7b416aee6eb51bb1ad015049bdb162034c302873ffe4cd673bddbb530,0.2269051038257091,0.2269051038257091,tiff,,,0.2269051038257091,0.2269051038257091,0.0,,7215,5412,1,PASS
datasets/midogpp/raw/MIDOGpp/images/528.tiff,cbe7881ede1545f5a0dfaaad017c30c1917633cfed5eda406a1a7e9565e93fcb,0.2268329263261596,0.2268329263261596,tiff,,,0.2268329263261596,0.2268329263261596,0.0,,7215,5412,1,PASS
datasets/midogpp/raw/MIDOGpp/images/532.tiff,5f244b79313ff74e9a2772c69b927832f6c38bd581592cb02c01498049d8c990,0.22629275923275685,0.22629275923275685,tiff,,,0.22629275923275685,0.22629275923275685,0.0,,7215,5412,1,PASS
datasets/midogpp/raw/MIDOGpp/images/533.tiff,1a16e5e440a997a221acf4345c79b27196947015800d1bf5d3dfd2d59139a9c7,0.22744294261267478,0.22744294261267478,tiff,,,0.22744294261267478,0.22744294261267478,0.0,,7215,5412,1,PASS
datasets/midogpp/raw/MIDOGpp/images/534.tiff,3a62a8db16f96908888cf16bd2f5f77fd0470216de8dc56a56f193aa1f5b0883,0.22629275923275685,0.22629275923275685,tiff,,,0.22629275923275685,0.22629275923275685,0.0,,7215,5412,1,PASS
datasets/midogpp/raw/MIDOGpp/images/535.tiff,a0a890e6b31c19b6f02ae308fbfbcff45526d6b41e7610cf916a7d65c13e5675,0.22629275923275685,0.22629275923275685,tiff,,,0.22629275923275685,0.22629275923275685,0.0,,7215,5412,1,PASS
datasets/midogpp/raw/MIDOGpp/images/536.tiff,2174a94e61f0bebadd95fe4a8a019435ae0388af0a10e2f82365873d9d343f61,0.2265651710858953,0.2265651710858953,tiff,,,0.2265651710858953,0.2265651710858953,0.0,,7215,5412,1,PASS
datasets/midogpp/raw/MIDOGpp/images/543.tiff,9555cc5825bb3dfdd28a29122693337317d7c5c3fc4560fe4f8ca1ad180071ef,0.22685853769696748,0.22685853769696748,tiff,,,0.22685853769696748,0.22685853769696748,0.0,,7215,5412,1,PASS
datasets/midogpp/raw/MIDOGpp/images/544.tiff,8fb3a4973f0fd177dd2edf523662fb4f28eef1dfafbdd895f858db7a87585be0,0.22685853769696748,0.22685853769696748,tiff,,,0.22685853769696748,0.22685853769696748,0.0,,7215,5412,1,PASS
datasets/midogpp/raw/MIDOGpp/images/548.tiff,87d113b8ea642ffaa4d653c9ad4ccadf98dd19a8f58f2fdff00e7a0cd36c0153,0.22744294261267478,0.22744294261267478,tiff,,,0.22744294261267478,0.22744294261267478,0.0,,7215,5412,1,PASS
datasets/midogpp/raw/MIDOGpp/images/549.tiff,089d1f078956672eb6aa06abdb28b48bcc4aeacbe6d487254b65edd61c16b01a,0.2263206989100018,0.2263206989100018,tiff,,,0.2263206989100018,0.2263206989100018,0.0,,7215,5412,1,PASS
datasets/midogpp/raw/MIDOGpp/images/552.tiff,790d30997015e918398bb0a077b9e748a6f15197737c0a1ea760b7fed04f79ab,0.22744294261267478,0.22744294261267478,tiff,,,0.22744294261267478,0.22744294261267478,0.0,,7215,5412,1,PASS
