run_seed,query_domain,support_seed,support_size,method,source_method,selected_expert,candidate_oracle_expert,support_margin,eval_margin,support_margin_quantile,oracle_gap_pct,top1_oracle_hit
42,0,17,4,direct_support_nelbo,support_set_nelbo_top1,3,3,80.60107421875,59.37674104274288,high,0.0,1
42,0,17,4,conservative_support_nelbo,support_set_nelbo_conservative,3,3,80.60107421875,59.37674104274288,high,0.0,1
42,0,17,8,direct_support_nelbo,support_set_nelbo_top1,3,3,53.748558044433594,59.742929449065514,high,0.0,1
42,0,17,8,conservative_support_nelbo,support_set_nelbo_conservative,3,3,53.748558044433594,59.742929449065514,high,0.0,1
42,0,17,16,direct_support_nelbo,support_set_nelbo_top1,3,3,52.69192314147949,61.16133642363968,high,0.0,1
42,0,17,16,conservative_support_nelbo,support_set_nelbo_conservative,3,3,52.69192314147949,61.16133642363968,high,0.0,1
42,0,17,32,direct_support_nelbo,support_set_nelbo_top1,3,3,51.53400754928589,61.02107218346674,mid,0.0,1
42,0,17,32,conservative_support_nelbo,support_set_nelbo_conservative,3,3,51.53400754928589,61.02107218346674,mid,0.0,1
42,0,23,4,direct_support_nelbo,support_set_nelbo_top1,3,3,121.34504699707031,58.772000856661464,high,0.0,1
42,0,23,4,conservative_support_nelbo,support_set_nelbo_conservative,3,3,121.34504699707031,58.772000856661464,high,0.0,1
42,0,23,8,direct_support_nelbo,support_set_nelbo_top1,3,3,79.88632583618164,59.25390635055214,high,0.0,1
42,0,23,8,conservative_support_nelbo,support_set_nelbo_conservative,3,3,79.88632583618164,59.25390635055214,high,0.0,1
42,0,23,16,direct_support_nelbo,support_set_nelbo_top1,3,3,51.1054630279541,60.3846376455179,mid,0.0,1
42,0,23,16,conservative_support_nelbo,support_set_nelbo_conservative,3,3,51.1054630279541,60.3846376455179,mid,0.0,1
42,0,23,32,direct_support_nelbo,support_set_nelbo_top1,3,3,57.00716257095337,60.20622134480641,high,0.0,1
42,0,23,32,conservative_support_nelbo,support_set_nelbo_conservative,3,3,57.00716257095337,60.20622134480641,high,0.0,1
42,0,31,4,direct_support_nelbo,support_set_nelbo_top1,3,3,99.07746124267578,59.1342137155969,high,0.0,1
42,0,31,4,conservative_support_nelbo,support_set_nelbo_conservative,3,3,99.07746124267578,59.1342137155969,high,0.0,1
42,0,31,8,direct_support_nelbo,support_set_nelbo_top1,3,3,98.15267562866211,59.221576182047556,high,0.0,1
42,0,31,8,conservative_support_nelbo,support_set_nelbo_conservative,3,3,98.15267562866211,59.221576182047556,high,0.0,1
42,0,31,16,direct_support_nelbo,support_set_nelbo_top1,3,3,82.46434020996094,58.70101815193999,high,0.0,1
42,0,31,16,conservative_support_nelbo,support_set_nelbo_conservative,3,3,82.46434020996094,58.70101815193999,high,0.0,1
42,0,31,32,direct_support_nelbo,support_set_nelbo_top1,3,3,64.14437294006348,59.14055133091256,high,0.0,1
42,0,31,32,conservative_support_nelbo,support_set_nelbo_conservative,3,3,64.14437294006348,59.14055133091256,high,0.0,1
42,1,17,4,direct_support_nelbo,support_set_nelbo_top1,3,3,117.29981994628906,56.04844491488109,high,0.0,1
42,1,17,4,conservative_support_nelbo,support_set_nelbo_conservative,3,3,117.29981994628906,56.04844491488109,high,0.0,1
42,1,17,8,direct_support_nelbo,support_set_nelbo_top1,3,3,98.14710235595703,56.27311275408209,high,0.0,1
42,1,17,8,conservative_support_nelbo,support_set_nelbo_conservative,3,3,98.14710235595703,56.27311275408209,high,0.0,1
42,1,17,16,direct_support_nelbo,support_set_nelbo_top1,3,3,90.51877307891846,54.77189970161413,high,0.0,1
42,1,17,16,conservative_support_nelbo,support_set_nelbo_conservative,3,3,90.51877307891846,54.77189970161413,high,0.0,1
42,1,17,32,direct_support_nelbo,support_set_nelbo_top1,3,3,85.73717737197876,49.5794907479916,high,0.0,1
42,1,17,32,conservative_support_nelbo,support_set_nelbo_conservative,3,3,85.73717737197876,49.5794907479916,high,0.0,1
42,1,23,4,direct_support_nelbo,support_set_nelbo_top1,3,3,34.298851013183594,56.65684999015667,mid,0.0,1
42,1,23,4,conservative_support_nelbo,support_set_nelbo_conservative,3,3,34.298851013183594,56.65684999015667,mid,0.0,1
42,1,23,8,direct_support_nelbo,support_set_nelbo_top1,3,3,25.60170555114746,59.70471144911323,mid,0.0,1
42,1,23,8,conservative_support_nelbo,support_set_nelbo_conservative,3,3,25.60170555114746,59.70471144911323,mid,0.0,1
42,1,23,16,direct_support_nelbo,support_set_nelbo_top1,3,3,72.2155647277832,54.52977184539145,high,0.0,1
42,1,23,16,conservative_support_nelbo,support_set_nelbo_conservative,3,3,72.2155647277832,54.52977184539145,high,0.0,1
42,1,23,32,direct_support_nelbo,support_set_nelbo_top1,3,3,61.973408222198486,51.84378696657575,high,0.0,1
42,1,23,32,conservative_support_nelbo,support_set_nelbo_conservative,3,3,61.973408222198486,51.84378696657575,high,0.0,1
42,1,31,4,direct_support_nelbo,support_set_nelbo_top1,3,3,104.51792907714844,55.512143446216555,high,0.0,1
42,1,31,4,conservative_support_nelbo,support_set_nelbo_conservative,3,3,104.51792907714844,55.512143446216555,high,0.0,1
42,1,31,8,direct_support_nelbo,support_set_nelbo_top1,3,3,73.05290985107422,58.38218422675726,high,0.0,1
42,1,31,8,conservative_support_nelbo,support_set_nelbo_conservative,3,3,73.05290985107422,58.38218422675726,high,0.0,1
42,1,31,16,direct_support_nelbo,support_set_nelbo_top1,3,3,64.33380508422852,58.3071684677912,high,0.0,1
42,1,31,16,conservative_support_nelbo,support_set_nelbo_conservative,3,3,64.33380508422852,58.3071684677912,high,0.0,1
42,1,31,32,direct_support_nelbo,support_set_nelbo_top1,3,3,52.104329109191895,62.67526711517911,mid,0.0,1
42,1,31,32,conservative_support_nelbo,support_set_nelbo_conservative,3,3,52.104329109191895,62.67526711517911,mid,0.0,1
42,2,17,4,direct_support_nelbo,support_set_nelbo_top1,3,3,53.9399528503418,4.904727769934652,high,0.0,1
42,2,17,4,conservative_support_nelbo,support_set_nelbo_conservative,3,3,53.9399528503418,4.904727769934652,high,0.0,1
42,2,17,8,direct_support_nelbo,support_set_nelbo_top1,3,3,30.28968620300293,4.999776840209961,mid,0.0,1
42,2,17,8,conservative_support_nelbo,support_set_nelbo_conservative,3,3,30.28968620300293,4.999776840209961,mid,0.0,1
42,2,17,16,direct_support_nelbo,support_set_nelbo_top1,3,3,16.74295997619629,3.7433399873621624,low,0.0,1
42,2,17,16,conservative_support_nelbo,support_set_nelbo_conservative,3,3,16.74295997619629,3.7433399873621624,low,0.0,1
42,2,17,32,direct_support_nelbo,support_set_nelbo_top1,3,3,11.519439697265625,5.244851430257199,low,0.0,1
42,2,17,32,conservative_support_nelbo,support_set_nelbo_conservative,3,3,11.519439697265625,5.244851430257199,low,0.0,1
42,2,23,4,direct_support_nelbo,support_set_nelbo_top1,3,3,3.7901077270507812,5.3425090623938445,low,0.0,1
42,2,23,4,conservative_support_nelbo,support_set_nelbo_conservative,3,3,3.7901077270507812,5.3425090623938445,low,0.0,1
42,2,23,8,direct_support_nelbo,support_set_nelbo_top1,3,3,9.074634552001953,5.930105209350586,low,0.0,1
42,2,23,8,conservative_support_nelbo,support_set_nelbo_conservative,3,3,9.074634552001953,5.930105209350586,low,0.0,1
42,2,23,16,direct_support_nelbo,support_set_nelbo_top1,3,3,2.8192052841186523,6.582299737369283,low,0.0,1
42,2,23,16,conservative_support_nelbo,support_set_nelbo_conservative,3,3,2.8192052841186523,6.582299737369283,low,0.0,1
42,2,23,32,direct_support_nelbo,support_set_nelbo_top1,1,3,0.8469696044921875,17.482067108154297,low,5.369142570848688,0
42,2,23,32,conservative_support_nelbo,support_set_nelbo_conservative,1,3,0.8469696044921875,17.482067108154297,low,5.369142570848688,0
42,2,31,4,direct_support_nelbo,support_set_nelbo_top1,1,3,3.1023941040039062,7.526485774828075,low,2.21379756813142,0
42,2,31,4,conservative_support_nelbo,support_set_nelbo_conservative,1,3,3.1023941040039062,7.526485774828075,low,2.21379756813142,0
42,2,31,8,direct_support_nelbo,support_set_nelbo_top1,1,3,3.8296279907226562,5.8112044561477205,low,1.6853794691855852,0
42,2,31,8,conservative_support_nelbo,support_set_nelbo_conservative,1,3,3.8296279907226562,5.8112044561477205,low,1.6853794691855852,0
42,2,31,16,direct_support_nelbo,support_set_nelbo_top1,3,3,1.863882064819336,2.3026633543126422,low,0.0,1
42,2,31,16,conservative_support_nelbo,support_set_nelbo_conservative,3,3,1.863882064819336,2.3026633543126422,low,0.0,1
42,2,31,32,direct_support_nelbo,support_set_nelbo_top1,3,1,2.854127883911133,3.5265553792318087,low,1.0505423752914524,0
42,2,31,32,conservative_support_nelbo,support_set_nelbo_conservative,3,1,2.854127883911133,3.5265553792318087,low,1.0505423752914524,0
42,3,17,4,direct_support_nelbo,support_set_nelbo_top1,1,0,100.42817306518555,1.9295522736997555,high,0.5554402926090755,0
42,3,17,4,conservative_support_nelbo,support_set_nelbo_conservative,1,0,100.42817306518555,1.9295522736997555,high,0.5554402926090755,0
42,3,17,8,direct_support_nelbo,support_set_nelbo_top1,1,0,56.25563049316406,2.3314498098272907,high,0.6721848575819972,0
42,3,17,8,conservative_support_nelbo,support_set_nelbo_conservative,1,0,56.25563049316406,2.3314498098272907,high,0.6721848575819972,0
42,3,17,16,direct_support_nelbo,support_set_nelbo_top1,1,0,22.46656036376953,2.710618614693715,mid,0.7876767831105911,0
42,3,17,16,conservative_support_nelbo,support_set_nelbo_conservative,1,0,22.46656036376953,2.710618614693715,mid,0.7876767831105911,0
42,3,17,32,direct_support_nelbo,support_set_nelbo_top1,1,0,1.770071029663086,0.8533054953259693,low,0.24523823103988385,0
42,3,17,32,conservative_support_nelbo,support_set_nelbo_conservative,1,0,1.770071029663086,0.8533054953259693,low,0.24523823103988385,0
42,3,23,4,direct_support_nelbo,support_set_nelbo_top1,0,1,91.9234848022461,0.8073115281655987,high,0.23175075851820187,0
42,3,23,4,conservative_support_nelbo,support_set_nelbo_conservative,0,1,91.9234848022461,0.8073115281655987,high,0.23175075851820187,0
42,3,23,8,direct_support_nelbo,support_set_nelbo_top1,0,1,5.296754837036133,0.2797002101290218,low,0.08008644421340706,0
42,3,23,8,conservative_support_nelbo,support_set_nelbo_conservative,0,1,5.296754837036133,0.2797002101290218,low,0.08008644421340706,0
42,3,23,16,direct_support_nelbo,support_set_nelbo_top1,1,0,14.979201316833496,1.590537761819803,low,0.45971798742630193,0
42,3,23,16,conservative_support_nelbo,support_set_nelbo_conservative,1,0,14.979201316833496,1.590537761819803,low,0.45971798742630193,0
42,3,23,32,direct_support_nelbo,support_set_nelbo_top1,1,0,2.0843396186828613,0.7637028539670041,low,0.2201647508486012,0
42,3,23,32,conservative_support_nelbo,support_set_nelbo_conservative,1,0,2.0843396186828613,0.7637028539670041,low,0.2201647508486012,0
42,3,31,4,direct_support_nelbo,support_set_nelbo_top1,0,1,40.83075714111328,0.8139228686952151,mid,0.23234462030260983,0
42,3,31,4,conservative_support_nelbo,support_set_nelbo_conservative,0,1,40.83075714111328,0.8139228686952151,mid,0.23234462030260983,0
42,3,31,8,direct_support_nelbo,support_set_nelbo_top1,0,1,33.28620147705078,0.9699082908217065,mid,0.276052343830784,0
42,3,31,8,conservative_support_nelbo,support_set_nelbo_conservative,0,1,33.28620147705078,0.9699082908217065,mid,0.276052343830784,0
42,3,31,16,direct_support_nelbo,support_set_nelbo_top1,0,1,34.05576419830322,2.768012386628982,mid,0.7922801051790052,0
42,3,31,16,conservative_support_nelbo,support_set_nelbo_conservative,0,1,34.05576419830322,2.768012386628982,mid,0.7922801051790052,0
42,3,31,32,direct_support_nelbo,support_set_nelbo_top1,0,1,8.954572200775146,0.6699710532184326,low,0.19180976797240568,0
42,3,31,32,conservative_support_nelbo,support_set_nelbo_conservative,0,1,8.954572200775146,0.6699710532184326,low,0.19180976797240568,0
43,0,17,4,direct_support_nelbo,support_set_nelbo_top1,3,3,81.86524963378906,74.93257845365082,high,0.0,1
43,0,17,4,conservative_support_nelbo,support_set_nelbo_conservative,3,3,81.86524963378906,74.93257845365082,high,0.0,1
43,0,17,8,direct_support_nelbo,support_set_nelbo_top1,3,3,80.45280838012695,74.97143826802568,high,0.0,1
43,0,17,8,conservative_support_nelbo,support_set_nelbo_conservative,3,3,80.45280838012695,74.97143826802568,high,0.0,1
43,0,17,16,direct_support_nelbo,support_set_nelbo_top1,3,3,77.50592613220215,74.76111197471619,high,0.0,1
43,0,17,16,conservative_support_nelbo,support_set_nelbo_conservative,3,3,77.50592613220215,74.76111197471619,high,0.0,1
43,0,17,32,direct_support_nelbo,support_set_nelbo_top1,3,3,74.71168088912964,75.19944108821863,high,0.0,1
43,0,17,32,conservative_support_nelbo,support_set_nelbo_conservative,3,3,74.71168088912964,75.19944108821863,high,0.0,1
43,0,23,4,direct_support_nelbo,support_set_nelbo_top1,3,3,75.81310272216797,73.98131713368537,high,0.0,1
43,0,23,4,conservative_support_nelbo,support_set_nelbo_conservative,3,3,75.81310272216797,73.98131713368537,high,0.0,1
43,0,23,8,direct_support_nelbo,support_set_nelbo_top1,3,3,84.70128631591797,74.12364695231116,high,0.0,1
43,0,23,8,conservative_support_nelbo,support_set_nelbo_conservative,3,3,84.70128631591797,74.12364695231116,high,0.0,1
43,0,23,16,direct_support_nelbo,support_set_nelbo_top1,3,3,66.59719657897949,74.58597620328271,high,0.0,1
43,0,23,16,conservative_support_nelbo,support_set_nelbo_conservative,3,3,66.59719657897949,74.58597620328271,high,0.0,1
43,0,23,32,direct_support_nelbo,support_set_nelbo_top1,3,3,68.89177513122559,75.26098203932577,high,0.0,1
43,0,23,32,conservative_support_nelbo,support_set_nelbo_conservative,3,3,68.89177513122559,75.26098203932577,high,0.0,1
43,0,31,4,direct_support_nelbo,support_set_nelbo_top1,3,3,69.70457458496094,73.9531639061783,high,0.0,1
43,0,31,4,conservative_support_nelbo,support_set_nelbo_conservative,3,3,69.70457458496094,73.9531639061783,high,0.0,1
43,0,31,8,direct_support_nelbo,support_set_nelbo_top1,3,3,81.13948440551758,73.85022269707554,high,0.0,1
43,0,31,8,conservative_support_nelbo,support_set_nelbo_conservative,3,3,81.13948440551758,73.85022269707554,high,0.0,1
43,0,31,16,direct_support_nelbo,support_set_nelbo_top1,3,3,82.3710708618164,73.53320652765677,high,0.0,1
43,0,31,16,conservative_support_nelbo,support_set_nelbo_conservative,3,3,82.3710708618164,73.53320652765677,high,0.0,1
43,0,31,32,direct_support_nelbo,support_set_nelbo_top1,3,3,86.98906993865967,72.13452002280513,high,0.0,1
43,0,31,32,conservative_support_nelbo,support_set_nelbo_conservative,3,3,86.98906993865967,72.13452002280513,high,0.0,1
43,1,17,4,direct_support_nelbo,support_set_nelbo_top1,3,3,39.81256866455078,31.30844387388356,mid,0.0,1
43,1,17,4,conservative_support_nelbo,support_set_nelbo_conservative,3,3,39.81256866455078,31.30844387388356,mid,0.0,1
43,1,17,8,direct_support_nelbo,support_set_nelbo_top1,3,3,11.230270385742188,32.85263158740099,low,0.0,1
43,1,17,8,conservative_support_nelbo,support_set_nelbo_conservative,3,3,11.230270385742188,32.85263158740099,low,0.0,1
43,1,17,16,direct_support_nelbo,support_set_nelbo_top1,3,3,29.41520881652832,30.297902626107145,mid,0.0,1
43,1,17,16,conservative_support_nelbo,support_set_nelbo_conservative,3,3,29.41520881652832,30.297902626107145,mid,0.0,1
43,1,17,32,direct_support_nelbo,support_set_nelbo_top1,3,3,53.853936195373535,26.13734879403745,high,0.0,1
43,1,17,32,conservative_support_nelbo,support_set_nelbo_conservative,3,3,53.853936195373535,26.13734879403745,high,0.0,1
43,1,23,4,direct_support_nelbo,support_set_nelbo_top1,2,3,4.687095642089844,32.19663904326666,low,16.96637576127188,0
43,1,23,4,conservative_support_nelbo,support_set_nelbo_conservative,2,3,4.687095642089844,32.19663904326666,low,16.96637576127188,0
43,1,23,8,direct_support_nelbo,support_set_nelbo_top1,3,3,4.871097564697266,34.9199351049196,low,0.0,1
43,1,23,8,conservative_support_nelbo,support_set_nelbo_conservative,3,3,4.871097564697266,34.9199351049196,low,0.0,1
43,1,23,16,direct_support_nelbo,support_set_nelbo_top1,3,3,41.359676361083984,31.787104876208105,mid,0.0,1
43,1,23,16,conservative_support_nelbo,support_set_nelbo_conservative,3,3,41.359676361083984,31.787104876208105,mid,0.0,1
43,1,23,32,direct_support_nelbo,support_set_nelbo_top1,3,3,37.47766971588135,29.41083126427992,mid,0.0,1
43,1,23,32,conservative_support_nelbo,support_set_nelbo_conservative,3,3,37.47766971588135,29.41083126427992,mid,0.0,1
43,1,31,4,direct_support_nelbo,support_set_nelbo_top1,3,3,59.886566162109375,30.741584190955564,high,0.0,1
43,1,31,4,conservative_support_nelbo,support_set_nelbo_conservative,3,3,59.886566162109375,30.741584190955564,high,0.0,1
43,1,31,8,direct_support_nelbo,support_set_nelbo_top1,3,3,15.193122863769531,33.08432239310565,low,0.0,1
43,1,31,8,conservative_support_nelbo,support_set_nelbo_conservative,3,3,15.193122863769531,33.08432239310565,low,0.0,1
43,1,31,16,direct_support_nelbo,support_set_nelbo_top1,3,3,18.139615058898926,33.834917109063326,low,0.0,1
43,1,31,16,conservative_support_nelbo,support_set_nelbo_conservative,3,3,18.139615058898926,33.834917109063326,low,0.0,1
43,1,31,32,direct_support_nelbo,support_set_nelbo_top1,3,3,13.72194766998291,37.180566636571314,low,0.0,1
43,1,31,32,conservative_support_nelbo,support_set_nelbo_conservative,3,3,13.72194766998291,37.180566636571314,low,0.0,1
43,2,17,4,direct_support_nelbo,support_set_nelbo_top1,3,3,48.650638580322266,14.71293681600821,mid,0.0,1
43,2,17,4,conservative_support_nelbo,support_set_nelbo_conservative,3,3,48.650638580322266,14.71293681600821,mid,0.0,1
43,2,17,8,direct_support_nelbo,support_set_nelbo_top1,3,3,44.3424072265625,14.647921698434004,mid,0.0,1
43,2,17,8,conservative_support_nelbo,support_set_nelbo_conservative,3,3,44.3424072265625,14.647921698434004,mid,0.0,1
43,2,17,16,direct_support_nelbo,support_set_nelbo_top1,3,3,41.609347343444824,14.798512290505812,mid,0.0,1
43,2,17,16,conservative_support_nelbo,support_set_nelbo_conservative,3,3,41.609347343444824,14.798512290505812,mid,0.0,1
43,2,17,32,direct_support_nelbo,support_set_nelbo_top1,3,3,29.515583992004395,14.746175130208314,mid,0.0,1
43,2,17,32,conservative_support_nelbo,support_set_nelbo_conservative,3,3,29.515583992004395,14.746175130208314,mid,0.0,1
43,2,23,4,direct_support_nelbo,support_set_nelbo_top1,1,3,21.139312744140625,14.489373414412796,low,4.165331562576879,0
43,2,23,4,conservative_support_nelbo,support_set_nelbo_conservative,1,3,21.139312744140625,14.489373414412796,low,4.165331562576879,0
43,2,23,8,direct_support_nelbo,support_set_nelbo_top1,3,3,10.009769439697266,14.464014325823143,low,0.0,1
43,2,23,8,conservative_support_nelbo,support_set_nelbo_conservative,3,3,10.009769439697266,14.464014325823143,low,0.0,1
43,2,23,16,direct_support_nelbo,support_set_nelbo_top1,3,3,1.4109554290771484,15.758425880880907,low,0.0,1
43,2,23,16,conservative_support_nelbo,support_set_nelbo_conservative,3,3,1.4109554290771484,15.758425880880907,low,0.0,1
43,2,23,32,direct_support_nelbo,support_set_nelbo_top1,1,3,5.305203914642334,23.70171462164984,low,9.787243237561352,0
43,2,23,32,conservative_support_nelbo,support_set_nelbo_conservative,1,3,5.305203914642334,23.70171462164984,low,9.787243237561352,0
43,2,31,4,direct_support_nelbo,support_set_nelbo_top1,0,3,7.222923278808594,15.943873529848815,low,8.482462776020332,0
43,2,31,4,conservative_support_nelbo,support_set_nelbo_conservative,0,3,7.222923278808594,15.943873529848815,low,8.482462776020332,0
43,2,31,8,direct_support_nelbo,support_set_nelbo_top1,3,3,7.49298095703125,11.969911575317383,low,0.0,1
43,2,31,8,conservative_support_nelbo,support_set_nelbo_conservative,3,3,7.49298095703125,11.969911575317383,low,0.0,1
43,2,31,16,direct_support_nelbo,support_set_nelbo_top1,0,3,4.453490257263184,7.24371921314912,low,9.531864262647234,0
43,2,31,16,conservative_support_nelbo,support_set_nelbo_conservative,0,3,4.453490257263184,7.24371921314912,low,9.531864262647234,0
43,2,31,32,direct_support_nelbo,support_set_nelbo_top1,3,1,18.549254417419434,1.2559380001491718,low,0.3550467070190836,0
43,2,31,32,conservative_support_nelbo,support_set_nelbo_conservative,3,1,18.549254417419434,1.2559380001491718,low,0.3550467070190836,0
43,3,17,4,direct_support_nelbo,support_set_nelbo_top1,1,0,2.160125732421875,30.511718185854647,low,8.791348143435389,0
43,3,17,4,conservative_support_nelbo,support_set_nelbo_conservative,1,0,2.160125732421875,30.511718185854647,low,8.791348143435389,0
43,3,17,8,direct_support_nelbo,support_set_nelbo_top1,0,0,15.158319473266602,30.91014237084829,low,0.0,1
43,3,17,8,conservative_support_nelbo,support_set_nelbo_conservative,0,0,15.158319473266602,30.91014237084829,low,0.0,1
43,3,17,16,direct_support_nelbo,support_set_nelbo_top1,0,0,28.140283584594727,30.662913568617057,mid,0.0,1
43,3,17,16,conservative_support_nelbo,support_set_nelbo_conservative,0,0,28.140283584594727,30.662913568617057,mid,0.0,1
43,3,17,32,direct_support_nelbo,support_set_nelbo_top1,0,0,36.68154716491699,28.7394201435568,mid,0.0,1
43,3,17,32,conservative_support_nelbo,support_set_nelbo_conservative,0,0,36.68154716491699,28.7394201435568,mid,0.0,1
43,3,23,4,direct_support_nelbo,support_set_nelbo_top1,0,0,54.469078063964844,28.791211249123137,high,0.0,1
43,3,23,4,conservative_support_nelbo,support_set_nelbo_conservative,0,0,54.469078063964844,28.791211249123137,high,0.0,1
43,3,23,8,direct_support_nelbo,support_set_nelbo_top1,0,0,13.705528259277344,29.853331057115668,low,0.0,1
43,3,23,8,conservative_support_nelbo,support_set_nelbo_conservative,0,0,13.705528259277344,29.853331057115668,low,0.0,1
43,3,23,16,direct_support_nelbo,support_set_nelbo_top1,0,0,1.852839469909668,30.479212094261527,low,0.0,1
43,3,23,16,conservative_support_nelbo,support_set_nelbo_conservative,0,0,1.852839469909668,30.479212094261527,low,0.0,1
43,3,23,32,direct_support_nelbo,support_set_nelbo_top1,0,0,22.2772479057312,28.790948741185844,mid,0.0,1
43,3,23,32,conservative_support_nelbo,support_set_nelbo_conservative,0,0,22.2772479057312,28.790948741185844,mid,0.0,1
43,3,31,4,direct_support_nelbo,support_set_nelbo_top1,0,0,92.60134887695312,27.205440453842755,high,0.0,1
43,3,31,4,conservative_support_nelbo,support_set_nelbo_conservative,0,0,92.60134887695312,27.205440453842755,high,0.0,1
43,3,31,8,direct_support_nelbo,support_set_nelbo_top1,0,0,71.84313583374023,26.759082253196027,high,0.0,1
43,3,31,8,conservative_support_nelbo,support_set_nelbo_conservative,0,0,71.84313583374023,26.759082253196027,high,0.0,1
43,3,31,16,direct_support_nelbo,support_set_nelbo_top1,0,0,71.73343086242676,25.308945084353127,high,0.0,1
43,3,31,16,conservative_support_nelbo,support_set_nelbo_conservative,0,0,71.73343086242676,25.308945084353127,high,0.0,1
43,3,31,32,direct_support_nelbo,support_set_nelbo_top1,0,0,38.49476766586304,27.975418057576803,mid,0.0,1
43,3,31,32,conservative_support_nelbo,support_set_nelbo_conservative,0,0,38.49476766586304,27.975418057576803,mid,0.0,1
44,0,17,4,direct_support_nelbo,support_set_nelbo_top1,3,3,3.4429931640625,45.865214827793125,low,0.0,1
44,0,17,4,conservative_support_nelbo,support_set_nelbo_conservative,3,3,3.4429931640625,45.865214827793125,low,0.0,1
44,0,17,8,direct_support_nelbo,support_set_nelbo_top1,3,3,4.99365234375,46.68602465145551,low,0.0,1
44,0,17,8,conservative_support_nelbo,support_set_nelbo_conservative,3,3,4.99365234375,46.68602465145551,low,0.0,1
44,0,17,16,direct_support_nelbo,support_set_nelbo_top1,3,3,27.06293487548828,46.624174386682625,mid,0.0,1
44,0,17,16,conservative_support_nelbo,support_set_nelbo_conservative,3,3,27.06293487548828,46.624174386682625,mid,0.0,1
44,0,17,32,direct_support_nelbo,support_set_nelbo_top1,3,3,37.61879587173462,46.02509432544042,mid,0.0,1
44,0,17,32,conservative_support_nelbo,support_set_nelbo_conservative,3,3,37.61879587173462,46.02509432544042,mid,0.0,1
44,0,23,4,direct_support_nelbo,support_set_nelbo_top1,3,3,53.36494445800781,45.366059917804705,high,0.0,1
44,0,23,4,conservative_support_nelbo,support_set_nelbo_conservative,3,3,53.36494445800781,45.366059917804705,high,0.0,1
44,0,23,8,direct_support_nelbo,support_set_nelbo_top1,3,3,42.13101577758789,45.22069483439128,mid,0.0,1
44,0,23,8,conservative_support_nelbo,support_set_nelbo_conservative,3,3,42.13101577758789,45.22069483439128,mid,0.0,1
44,0,23,16,direct_support_nelbo,support_set_nelbo_top1,3,3,50.13170051574707,44.60020239427945,mid,0.0,1
44,0,23,16,conservative_support_nelbo,support_set_nelbo_conservative,3,3,50.13170051574707,44.60020239427945,mid,0.0,1
44,0,23,32,direct_support_nelbo,support_set_nelbo_top1,3,3,46.25743865966797,44.5400230812304,mid,0.0,1
44,0,23,32,conservative_support_nelbo,support_set_nelbo_conservative,3,3,46.25743865966797,44.5400230812304,mid,0.0,1
44,0,31,4,direct_support_nelbo,support_set_nelbo_top1,3,3,61.57488250732422,44.6952466357979,high,0.0,1
44,0,31,4,conservative_support_nelbo,support_set_nelbo_conservative,3,3,61.57488250732422,44.6952466357979,high,0.0,1
44,0,31,8,direct_support_nelbo,support_set_nelbo_top1,3,3,71.51893615722656,43.606328540731965,high,0.0,1
44,0,31,8,conservative_support_nelbo,support_set_nelbo_conservative,3,3,71.51893615722656,43.606328540731965,high,0.0,1
44,0,31,16,direct_support_nelbo,support_set_nelbo_top1,3,3,46.26489448547363,43.4244610723303,mid,0.0,1
44,0,31,16,conservative_support_nelbo,support_set_nelbo_conservative,3,3,46.26489448547363,43.4244610723303,mid,0.0,1
44,0,31,32,direct_support_nelbo,support_set_nelbo_top1,3,3,50.20303440093994,41.59142649992731,mid,0.0,1
44,0,31,32,conservative_support_nelbo,support_set_nelbo_conservative,3,3,50.20303440093994,41.59142649992731,mid,0.0,1
44,1,17,4,direct_support_nelbo,support_set_nelbo_top1,3,3,40.38754653930664,63.414708185575364,mid,0.0,1
44,1,17,4,conservative_support_nelbo,support_set_nelbo_conservative,3,3,40.38754653930664,63.414708185575364,mid,0.0,1
44,1,17,8,direct_support_nelbo,support_set_nelbo_top1,3,3,55.05755805969238,62.346140304100516,high,0.0,1
44,1,17,8,conservative_support_nelbo,support_set_nelbo_conservative,3,3,55.05755805969238,62.346140304100516,high,0.0,1
44,1,17,16,direct_support_nelbo,support_set_nelbo_top1,3,3,47.640098571777344,63.44170701974798,mid,0.0,1
44,1,17,16,conservative_support_nelbo,support_set_nelbo_conservative,3,3,47.640098571777344,63.44170701974798,mid,0.0,1
44,1,17,32,direct_support_nelbo,support_set_nelbo_top1,3,3,49.46944856643677,62.565821809588726,mid,0.0,1
44,1,17,32,conservative_support_nelbo,support_set_nelbo_conservative,3,3,49.46944856643677,62.565821809588726,mid,0.0,1
44,1,23,4,direct_support_nelbo,support_set_nelbo_top1,3,3,10.410324096679688,65.89512274056597,low,0.0,1
44,1,23,4,conservative_support_nelbo,support_set_nelbo_conservative,3,3,10.410324096679688,65.89512274056597,low,0.0,1
44,1,23,8,direct_support_nelbo,support_set_nelbo_top1,3,3,36.119056701660156,64.4881541920501,mid,0.0,1
44,1,23,8,conservative_support_nelbo,support_set_nelbo_conservative,3,3,36.119056701660156,64.4881541920501,mid,0.0,1
44,1,23,16,direct_support_nelbo,support_set_nelbo_top1,3,3,56.01468086242676,64.49085029207828,high,0.0,1
44,1,23,16,conservative_support_nelbo,support_set_nelbo_conservative,3,3,56.01468086242676,64.49085029207828,high,0.0,1
44,1,23,32,direct_support_nelbo,support_set_nelbo_top1,3,3,59.91941165924072,64.28935765680274,high,0.0,1
44,1,23,32,conservative_support_nelbo,support_set_nelbo_conservative,3,3,59.91941165924072,64.28935765680274,high,0.0,1
44,1,31,4,direct_support_nelbo,support_set_nelbo_top1,3,3,48.99341583251953,64.66568470760114,mid,0.0,1
44,1,31,4,conservative_support_nelbo,support_set_nelbo_conservative,3,3,48.99341583251953,64.66568470760114,mid,0.0,1
44,1,31,8,direct_support_nelbo,support_set_nelbo_top1,3,3,35.40324020385742,64.10140369869663,mid,0.0,1
44,1,31,8,conservative_support_nelbo,support_set_nelbo_conservative,3,3,35.40324020385742,64.10140369869663,mid,0.0,1
44,1,31,16,direct_support_nelbo,support_set_nelbo_top1,3,3,31.160865783691406,62.12792750767301,mid,0.0,1
44,1,31,16,conservative_support_nelbo,support_set_nelbo_conservative,3,3,31.160865783691406,62.12792750767301,mid,0.0,1
44,1,31,32,direct_support_nelbo,support_set_nelbo_top1,3,3,39.63212203979492,59.17705481187352,mid,0.0,1
44,1,31,32,conservative_support_nelbo,support_set_nelbo_conservative,3,3,39.63212203979492,59.17705481187352,mid,0.0,1
44,2,17,4,direct_support_nelbo,support_set_nelbo_top1,3,1,39.736366271972656,0.48077458920687377,mid,0.13924581425032276,0
44,2,17,4,conservative_support_nelbo,support_set_nelbo_conservative,3,1,39.736366271972656,0.48077458920687377,mid,0.13924581425032276,0
44,2,17,8,direct_support_nelbo,support_set_nelbo_top1,3,1,25.696720123291016,1.1806755974179168,mid,0.3394879606520999,0
44,2,17,8,conservative_support_nelbo,support_set_nelbo_conservative,3,1,25.696720123291016,1.1806755974179168,mid,0.3394879606520999,0
44,2,17,16,direct_support_nelbo,support_set_nelbo_top1,3,1,6.2521209716796875,1.5583759756649442,low,0.4425928976087017,0
44,2,17,16,conservative_support_nelbo,support_set_nelbo_conservative,3,1,6.2521209716796875,1.5583759756649442,low,0.4425928976087017,0
44,2,17,32,direct_support_nelbo,support_set_nelbo_top1,1,3,0.48058414459228516,1.1189850701226192,low,0.30019040807151853,0
44,2,17,32,conservative_support_nelbo,support_set_nelbo_conservative,1,3,0.48058414459228516,1.1189850701226192,low,0.30019040807151853,0
44,2,23,4,direct_support_nelbo,support_set_nelbo_top1,3,1,18.907264709472656,0.9839377195938823,low,0.28799673274715837,0
44,2,23,4,conservative_support_nelbo,support_set_nelbo_conservative,3,1,18.907264709472656,0.9839377195938823,low,0.28799673274715837,0
44,2,23,8,direct_support_nelbo,support_set_nelbo_top1,1,1,2.1054534912109375,0.9570032755533475,low,0.0,1
44,2,23,8,conservative_support_nelbo,support_set_nelbo_conservative,1,1,2.1054534912109375,0.9570032755533475,low,0.0,1
44,2,23,16,direct_support_nelbo,support_set_nelbo_top1,1,1,8.837554931640625,0.16382722293627694,low,0.0,1
44,2,23,16,conservative_support_nelbo,support_set_nelbo_conservative,1,1,8.837554931640625,0.16382722293627694,low,0.0,1
44,2,23,32,direct_support_nelbo,support_set_nelbo_top1,1,3,24.300925254821777,12.197653240627744,mid,3.6918430681495265,0
44,2,23,32,conservative_support_nelbo,support_set_nelbo_conservative,1,3,24.300925254821777,12.197653240627744,mid,3.6918430681495265,0
44,2,31,4,direct_support_nelbo,support_set_nelbo_top1,3,3,3.3589515686035156,0.6199817657470703,low,0.0,1
44,2,31,4,conservative_support_nelbo,support_set_nelbo_conservative,3,3,3.3589515686035156,0.6199817657470703,low,0.0,1
44,2,31,8,direct_support_nelbo,support_set_nelbo_top1,3,1,26.291154861450195,0.738132113502104,mid,0.209220156491684,0
44,2,31,8,conservative_support_nelbo,support_set_nelbo_conservative,3,1,26.291154861450195,0.738132113502104,mid,0.209220156491684,0
44,2,31,16,direct_support_nelbo,support_set_nelbo_top1,3,1,24.661964416503906,5.520730299108152,mid,1.587339813512741,0
44,2,31,16,conservative_support_nelbo,support_set_nelbo_conservative,3,1,24.661964416503906,5.520730299108152,mid,1.587339813512741,0
44,2,31,32,direct_support_nelbo,support_set_nelbo_top1,3,1,10.333194732666016,11.160095638699033,low,3.2957576423199137,0
44,2,31,32,conservative_support_nelbo,support_set_nelbo_conservative,3,1,10.333194732666016,11.160095638699033,low,3.2957576423199137,0
44,3,17,4,direct_support_nelbo,support_set_nelbo_top1,1,1,47.49169158935547,16.228350084569627,mid,0.0,1
44,3,17,4,conservative_support_nelbo,support_set_nelbo_conservative,1,1,47.49169158935547,16.228350084569627,mid,0.0,1
44,3,17,8,direct_support_nelbo,support_set_nelbo_top1,1,1,25.312484741210938,15.013743698920337,mid,0.0,1
44,3,17,8,conservative_support_nelbo,support_set_nelbo_conservative,1,1,25.312484741210938,15.013743698920337,mid,0.0,1
44,3,17,16,direct_support_nelbo,support_set_nelbo_top1,1,1,18.312403678894043,14.617054255469156,low,0.0,1
44,3,17,16,conservative_support_nelbo,support_set_nelbo_conservative,1,1,18.312403678894043,14.617054255469156,low,0.0,1
44,3,17,32,direct_support_nelbo,support_set_nelbo_top1,1,1,8.4874849319458,15.558920841752581,low,0.0,1
44,3,17,32,conservative_support_nelbo,support_set_nelbo_conservative,1,1,8.4874849319458,15.558920841752581,low,0.0,1
44,3,23,4,direct_support_nelbo,support_set_nelbo_top1,1,1,4.438591003417969,18.358620064718707,low,0.0,1
44,3,23,4,conservative_support_nelbo,support_set_nelbo_conservative,1,1,4.438591003417969,18.358620064718707,low,0.0,1
44,3,23,8,direct_support_nelbo,support_set_nelbo_top1,1,1,34.125606536865234,17.487749230560382,mid,0.0,1
44,3,23,8,conservative_support_nelbo,support_set_nelbo_conservative,1,1,34.125606536865234,17.487749230560382,mid,0.0,1
44,3,23,16,direct_support_nelbo,support_set_nelbo_top1,1,1,48.64403247833252,15.827855097404154,mid,0.0,1
44,3,23,16,conservative_support_nelbo,support_set_nelbo_conservative,1,1,48.64403247833252,15.827855097404154,mid,0.0,1
44,3,23,32,direct_support_nelbo,support_set_nelbo_top1,1,1,25.625779628753662,16.867690179456588,mid,0.0,1
44,3,23,32,conservative_support_nelbo,support_set_nelbo_conservative,1,1,25.625779628753662,16.867690179456588,mid,0.0,1
44,3,31,4,direct_support_nelbo,support_set_nelbo_top1,0,1,85.00333404541016,19.29448279665229,high,5.454191162399245,0
44,3,31,4,conservative_support_nelbo,support_set_nelbo_conservative,0,1,85.00333404541016,19.29448279665229,high,5.454191162399245,0
44,3,31,8,direct_support_nelbo,support_set_nelbo_top1,0,1,36.742740631103516,19.061186669965934,mid,5.385218499215722,0
44,3,31,8,conservative_support_nelbo,support_set_nelbo_conservative,0,1,36.742740631103516,19.061186669965934,mid,5.385218499215722,0
44,3,31,16,direct_support_nelbo,support_set_nelbo_top1,0,1,2.98220157623291,19.493626737046498,low,5.479950741931075,0
44,3,31,16,conservative_support_nelbo,support_set_nelbo_conservative,0,1,2.98220157623291,19.493626737046498,low,5.479950741931075,0
44,3,31,32,direct_support_nelbo,support_set_nelbo_top1,1,1,13.255206108093262,17.26997082945047,low,0.0,1
44,3,31,32,conservative_support_nelbo,support_set_nelbo_conservative,1,1,13.255206108093262,17.26997082945047,low,0.0,1
